X,Y1,Y2,Z
0.5,0.25292962,0.79,4.4803
0.5,0.348872721,0.940707071,5.80915
0.5,0.444815822,1.091414141,6.71326
0.5,0.540758923,1.242121212,7.26111
0.5,0.636702024,1.392828283,7.5212
0.5,0.732645125,1.543535354,7.56202
0.5,0.828588226,1.694242424,7.45204
0.5,0.924531328,1.844949495,7.2597700000000005
0.5,1.020474429,1.995656566,7.05368
0.5,1.11641753,2.146363636,6.90228
0.5,1.212360631,2.297070707,6.87404
0.5,1.308303732,2.447777778,7.037450000000001
0.5,1.404246833,2.598484848,7.46101
0.515151515,0.32368306,0.940707071,5.43276
0.515151515,0.416804305,1.091414141,6.430540000000001
0.515151515,0.50992555,1.242121212,7.074800000000001
0.515151515,0.603046795,1.392828283,7.42776
0.515151515,0.696168041,1.543535354,7.55166
0.515151515,0.789289286,1.694242424,7.5087
0.515151515,0.882410531,1.844949495,7.3611
0.515151515,0.975531776,1.995656566,7.17109
0.515151515,1.068653021,2.146363636,7.00087
0.515151515,1.161774266,2.297070707,6.91268
0.515151515,1.254895511,2.447777778,6.96873
0.515151515,1.348016757,2.598484848,7.23123
0.515151515,1.441138002,2.749191919,7.76241
0.53030303,0.299499908,0.940707071,5.03724
0.53030303,0.389960546,1.091414141,6.123600000000001
0.53030303,0.480421184,1.242121212,6.86022
0.53030303,0.570881822,1.392828283,7.30377
0.53030303,0.66134246,1.543535354,7.510940000000001
0.53030303,0.751803098,1.694242424,7.5384400000000005
0.53030303,0.842263736,1.844949495,7.4429300000000005
0.53030303,0.932724375,1.995656566,7.28111
0.53030303,1.023185013,2.146363636,7.10967
0.53030303,1.113645651,2.297070707,6.9853000000000005
0.53030303,1.204106289,2.447777778,6.96467
0.53030303,1.294566927,2.598484848,7.10449
0.53030303,1.385027565,2.749191919,7.4614400000000005
0.53030303,1.475488203,2.89989899,8.0922
0.545454545,0.276239388,0.940707071,4.62364
0.545454545,0.364187231,1.091414141,5.793880000000001
0.545454545,0.452135074,1.242121212,6.61888
0.545454545,0.540082916,1.392828283,7.15045
0.545454545,0.628030759,1.543535354,7.440370000000001
0.545454545,0.715978602,1.694242424,7.54044
0.545454545,0.803926444,1.844949495,7.50244
0.545454545,0.891874287,1.995656566,7.37817
0.545454545,0.979822129,2.146363636,7.21941
0.545454545,1.067769972,2.297070707,7.0779700000000005
0.545454545,1.155717815,2.447777778,7.0056400000000005
0.545454545,1.243665657,2.598484848,7.05419
0.545454545,1.3316135,2.749191919,7.275440000000001
0.545454545,1.419561343,2.89989899,7.72116
0.560606061,0.339397568,1.091414141,5.44257
0.560606061,0.424968442,1.242121212,6.35215
0.560606061,0.510539316,1.392828283,6.96902
0.560606061,0.59611019,1.543535354,7.34062
0.560606061,0.681681064,1.694242424,7.51438
0.560606061,0.767251937,1.844949495,7.5377600000000005
0.560606061,0.852822811,1.995656566,7.45819
0.560606061,0.938393685,2.146363636,7.32312
0.560606061,1.023964559,2.297070707,7.17999
0.560606061,1.109535433,2.447777778,7.07624
0.560606061,1.195106307,2.598484848,7.05933
0.560606061,1.280677181,2.749191919,7.17669
0.560606061,1.366248055,2.89989899,7.47576
0.560606061,1.451818929,3.050606061,8.00399
0.575757576,0.3155139,1.091414141,5.07067
0.575757576,0.398832909,1.242121212,6.0612
0.575757576,0.482151917,1.392828283,6.7606
0.575757576,0.565470926,1.543535354,7.21244
0.575757576,0.648789935,1.694242424,7.46028
0.575757576,0.732108944,1.844949495,7.54769
0.575757576,0.815427953,1.995656566,7.51825
0.575757576,0.898746962,2.146363636,7.41551
0.575757576,0.98206597,2.297070707,7.28306
0.575757576,1.065384979,2.447777778,7.16446
0.575757576,1.148703988,2.598484848,7.10328
0.575757576,1.232022997,2.749191919,7.14309
0.575757576,1.315342006,2.89989899,7.32746
0.575757576,1.398661014,3.050606061,7.69995
0.575757576,1.481980023,3.201313131,8.30414
0.590909091,0.373649159,1.242121212,5.74705
0.590909091,0.454831783,1.392828283,6.52622
0.590909091,0.536014407,1.543535354,7.056620000000001
0.590909091,0.617197031,1.694242424,7.37836
0.590909091,0.698379655,1.844949495,7.531540000000001
0.590909091,0.779562279,1.995656566,7.5562700000000005
0.590909091,0.860744903,2.146363636,7.49266
0.590909091,0.941927527,2.297070707,7.38082
0.590909091,1.023110151,2.447777778,7.2608500000000005
0.590909091,1.104292775,2.598484848,7.1728700000000005
0.590909091,1.185475399,2.749191919,7.15697
0.590909091,1.266658022,2.89989899,7.2532700000000006
0.590909091,1.347840646,3.050606061,7.50188
0.590909091,1.42902327,3.201313131,7.9429
0.606060606,0.349345809,1.242121212,5.41056
0.606060606,0.428498867,1.392828283,6.26679
0.606060606,0.507651925,1.543535354,6.8739300000000005
0.606060606,0.586804984,1.694242424,7.26898
0.606060606,0.665958042,1.844949495,7.48894
0.606060606,0.745111101,1.995656566,7.57082
0.606060606,0.824264159,2.146363636,7.551620000000001
0.606060606,0.903417217,2.297070707,7.46835
0.606060606,0.982570276,2.447777778,7.35801
0.606060606,1.061723334,2.598484848,7.25762
0.606060606,1.140876392,2.749191919,7.20417
0.606060606,1.220029451,2.89989899,7.23467
0.606060606,1.299182509,3.050606061,7.3861300000000005
0.606060606,1.378335567,3.201313131,7.69555
0.606060606,1.457488626,3.352020202,8.19994
0.621212121,0.325858439,1.242121212,5.05245
0.621212121,0.403080935,1.392828283,5.983140000000001
0.621212121,0.480303431,1.543535354,6.66511
0.621212121,0.557525927,1.694242424,7.13259
0.621212121,0.634748423,1.844949495,7.41978
0.621212121,0.711970918,1.995656566,7.56092
0.621212121,0.789193414,2.146363636,7.59021
0.621212121,0.86641591,2.297070707,7.54187
0.621212121,0.943638406,2.447777778,7.450130000000001
0.621212121,1.020860902,2.598484848,7.349200000000001
0.621212121,1.098083398,2.749191919,7.2733
0.621212121,1.175305894,2.89989899,7.25664
0.621212121,1.25252839,3.050606061,7.3334600000000005
0.621212121,1.329750886,3.201313131,7.53796
0.621212121,1.406973382,3.352020202,7.9043600000000005
0.621212121,1.484195878,3.502727273,8.466890000000001
0.636363636,0.37851263,1.392828283,5.67595
0.636363636,0.453896495,1.543535354,6.43082
0.636363636,0.52928036,1.694242424,6.96964
0.636363636,0.604664225,1.844949495,7.32411
0.636363636,0.68004809,1.995656566,7.52593
0.636363636,0.755431955,2.146363636,7.60682
0.636363636,0.83081582,2.297070707,7.59848
0.636363636,0.906199685,2.447777778,7.53263
0.636363636,0.98158355,2.598484848,7.4409600000000005
0.636363636,1.056967416,2.749191919,7.35519
0.636363636,1.132351281,2.89989899,7.3070200000000005
0.636363636,1.207735146,3.050606061,7.32817
0.636363636,1.283119011,3.201313131,7.450340000000001
0.636363636,1.358502876,3.352020202,7.70523
0.636363636,1.433886741,3.502727273,8.12456
0.651515152,0.354734675,1.392828283,5.34582
0.651515152,0.428365427,1.543535354,6.17167
0.651515152,0.501996179,1.694242424,6.780600000000001
0.651515152,0.575626931,1.844949495,7.20206
0.651515152,0.649257683,1.995656566,7.46548
0.651515152,0.722888435,2.146363636,7.6003
0.651515152,0.796519187,2.297070707,7.63597
0.651515152,0.870149939,2.447777778,7.60193
0.651515152,0.943780691,2.598484848,7.52761
0.651515152,1.017411443,2.749191919,7.4424600000000005
0.651515152,1.091042195,2.89989899,7.37592
0.651515152,1.164672947,3.050606061,7.35742
0.651515152,1.238303699,3.201313131,7.4164200000000005
0.651515152,1.311934451,3.352020202,7.58235
0.651515152,1.385565203,3.502727273,7.88464
0.651515152,1.459195955,3.653434343,8.35275
0.666666667,0.403650511,1.543535354,5.888170000000001
0.666666667,0.475607837,1.694242424,6.565910000000001
0.666666667,0.547565162,1.844949495,7.05384
0.666666667,0.619522488,1.995656566,7.37934
0.666666667,0.691479814,2.146363636,7.56981
0.666666667,0.76343714,2.297070707,7.65264
0.666666667,0.835394465,2.447777778,7.65521
0.666666667,0.907351791,2.598484848,7.60491
0.666666667,0.979309117,2.749191919,7.52913
0.666666667,1.051266443,2.89989899,7.45526
0.666666667,1.123223769,3.050606061,7.410690000000001
0.666666667,1.195181094,3.201313131,7.42281
0.666666667,1.26713842,3.352020202,7.519
0.666666667,1.339095746,3.502727273,7.72665
0.666666667,1.411053072,3.653434343,8.07316
0.666666667,1.483010398,3.804141414,8.58591
0.681818182,0.379697334,1.543535354,5.58079
0.681818182,0.450055608,1.694242424,6.32598
0.681818182,0.520413883,1.844949495,6.8796800000000005
0.681818182,0.590772157,1.995656566,7.267440000000001
0.681818182,0.661130431,2.146363636,7.51477
0.681818182,0.731488705,2.297070707,7.647200000000001
0.681818182,0.801846979,2.447777778,7.69026
0.681818182,0.872205253,2.598484848,7.6694700000000005
0.681818182,0.942563527,2.749191919,7.6103700000000005
0.681818182,1.012921801,2.89989899,7.53848
0.681818182,1.083280075,3.050606061,7.47932
0.681818182,1.15363835,3.201313131,7.45842
0.681818182,1.223996624,3.352020202,7.501320000000001
0.681818182,1.294354898,3.502727273,7.63354
0.681818182,1.364713172,3.653434343,7.8806
0.681818182,1.435071446,3.804141414,8.26803
0.696969697,0.35645622,1.543535354,5.24988
0.696969697,0.425284966,1.694242424,6.0611500000000005
0.696969697,0.494113713,1.844949495,6.67983
0.696969697,0.562942459,1.995656566,7.12976
0.696969697,0.631771205,2.146363636,7.43476
0.696969697,0.700599952,2.297070707,7.61868
0.696969697,0.769428698,2.447777778,7.7053400000000005
0.696969697,0.838257445,2.598484848,7.71859
0.696969697,0.907086191,2.749191919,7.68225
0.696969697,0.975914937,2.89989899,7.62017
0.696969697,1.044743684,3.050606061,7.55618
0.696969697,1.11357243,3.201313131,7.5141
0.696969697,1.182401177,3.352020202,7.517790000000001
0.696969697,1.251229923,3.502727273,7.591060000000001
0.696969697,1.320058669,3.653434343,7.75777
0.696969697,1.388887416,3.804141414,8.04173
0.696969697,1.457716162,3.954848485,8.46679
0.712121212,0.401246021,1.694242424,5.77174
0.712121212,0.468610326,1.844949495,6.45451
0.712121212,0.535974631,1.995656566,6.96633
0.712121212,0.603338936,2.146363636,7.3295
0.712121212,0.670703241,2.297070707,7.56632
0.712121212,0.738067546,2.447777778,7.69908
0.712121212,0.805431851,2.598484848,7.7500800000000005
0.712121212,0.872796156,2.749191919,7.74159
0.712121212,0.940160461,2.89989899,7.695930000000001
0.712121212,1.007524766,3.050606061,7.6353800000000005
0.712121212,1.074889071,3.201313131,7.58223
0.712121212,1.142253376,3.352020202,7.5587800000000005
0.712121212,1.209617681,3.502727273,7.58732
0.712121212,1.276981986,3.653434343,7.69014
0.712121212,1.344346291,3.804141414,7.88954
0.712121212,1.411710596,3.954848485,8.20781
0.712121212,1.479074901,4.105555556,8.66724
0.727272727,0.377893042,1.694242424,5.45801
0.727272727,0.443853924,1.844949495,6.2039100000000005
0.727272727,0.509814806,1.995656566,6.77721
0.727272727,0.575775688,2.146363636,7.19881
0.727272727,0.64173657,2.297070707,7.48958
0.727272727,0.707697452,2.447777778,7.67041
0.727272727,0.773658334,2.598484848,7.76218
0.727272727,0.839619216,2.749191919,7.78579
0.727272727,0.905580098,2.89989899,7.76211
0.727272727,0.97154098,3.050606061,7.71204
0.727272727,1.037501862,3.201313131,7.65646
0.727272727,1.103462744,3.352020202,7.61625
0.727272727,1.169423626,3.502727273,7.6123
0.727272727,1.235384508,3.653434343,7.665500000000001
0.727272727,1.30134539,3.804141414,7.79673
0.727272727,1.367306272,3.954848485,8.02688
0.727272727,1.433267154,4.105555556,8.37683
0.727272727,1.499228036,4.256262626,8.86747
0.742424242,0.419798773,1.844949495,5.92821
0.742424242,0.484413514,1.995656566,6.56249
0.742424242,0.549028256,2.146363636,7.04255
0.742424242,0.613642997,2.297070707,7.38801
0.742424242,0.678257739,2.447777778,7.61846
0.742424242,0.74287248,2.598484848,7.75349
0.742424242,0.807487222,2.749191919,7.8127200000000006
0.742424242,0.872101963,2.89989899,7.81573
0.742424242,0.936716705,3.050606061,7.78213
0.742424242,1.001331447,3.201313131,7.73151
0.742424242,1.065946188,3.352020202,7.68347
0.742424242,1.13056093,3.502727273,7.6576200000000005
0.742424242,1.195175671,3.653434343,7.67354
0.742424242,1.259790413,3.804141414,7.75084
0.742424242,1.324405154,3.954848485,7.909120000000001
0.742424242,1.389019896,4.105555556,8.16797
0.742424242,1.453634637,4.256262626,8.546990000000001
0.757575758,0.396402797,1.844949495,5.62756
0.757575758,0.459725244,1.995656566,6.32221
0.757575758,0.523047691,2.146363636,6.86064
0.757575758,0.586370137,2.297070707,7.26128
0.757575758,0.649692584,2.447777778,7.54255
0.757575758,0.713015031,2.598484848,7.72286
0.757575758,0.776337478,2.749191919,7.82064
0.757575758,0.839659924,2.89989899,7.8543
0.757575758,0.902982371,3.050606061,7.8422600000000005
0.757575758,0.966304818,3.201313131,7.80295
0.757575758,1.029627264,3.352020202,7.75478
0.757575758,1.092949711,3.502727273,7.71616
0.757575758,1.156272158,3.653434343,7.70553
0.757575758,1.219594604,3.804141414,7.7413
0.757575758,1.282917051,3.954848485,7.841880000000001
0.757575758,1.346239498,4.105555556,8.0257
0.757575758,1.409561944,4.256262626,8.31118
0.757575758,1.472884391,4.406969697,8.71673
0.772727273,0.435708053,1.995656566,6.05642
0.772727273,0.497788883,2.146363636,6.65301
0.772727273,0.559869713,2.297070707,7.10914
0.772727273,0.621950543,2.447777778,7.44214
0.772727273,0.684031373,2.598484848,7.6693500000000006
0.772727273,0.746112203,2.749191919,7.80811
0.772727273,0.808193033,2.89989899,7.8757600000000005
0.772727273,0.870273863,3.050606061,7.88964
0.772727273,0.932354693,3.201313131,7.86707
0.772727273,0.994435524,3.352020202,7.8253900000000005
0.772727273,1.056516354,3.502727273,7.78195
0.772727273,1.118597184,3.653434343,7.75408
0.772727273,1.180678014,3.804141414,7.75912
0.772727273,1.242758844,3.954848485,7.81439
0.772727273,1.304839674,4.105555556,7.937250000000001
0.772727273,1.366920504,4.256262626,8.14502
0.772727273,1.429001334,4.406969697,8.45504
0.772727273,1.491082164,4.557676768,8.88466
0.787878788,0.412323224,1.995656566,5.76517
0.787878788,0.473210192,2.146363636,6.4196
0.787878788,0.53409716,2.297070707,6.93135
0.787878788,0.594984128,2.447777778,7.31677
0.787878788,0.655871096,2.598484848,7.59219
0.787878788,0.716758064,2.749191919,7.77395
0.787878788,0.777645032,2.89989899,7.8784
0.787878788,0.838532,3.050606061,7.92188
0.787878788,0.899418968,3.201313131,7.92073
0.787878788,0.960305936,3.352020202,7.891290000000001
0.787878788,1.021192904,3.502727273,7.8499
0.787878788,1.082079872,3.653434343,7.8129
0.787878788,1.14296684,3.804141414,7.79664
0.787878788,1.203853808,3.954848485,7.81745
0.787878788,1.264740776,4.105555556,7.89168
0.787878788,1.325627744,4.256262626,8.03567
0.787878788,1.386514712,4.406969697,8.26575
0.787878788,1.44740168,4.557676768,8.59828
0.803030303,0.449273122,2.146363636,6.16035
0.803030303,0.509011279,2.297070707,6.72775
0.803030303,0.568749436,2.447777778,7.16606
0.803030303,0.628487593,2.598484848,7.49073
0.803030303,0.688225751,2.749191919,7.71715
0.803030303,0.747963908,2.89989899,7.86078
0.803030303,0.807702065,3.050606061,7.93701
0.803030303,0.867440222,3.201313131,7.96129
0.803030303,0.92717838,3.352020202,7.94904
0.803030303,0.986916537,3.502727273,7.91567
0.803030303,1.046654694,3.653434343,7.87662
0.803030303,1.106392851,3.804141414,7.84731
0.803030303,1.166131009,3.954848485,7.843170000000001
0.803030303,1.225869166,4.105555556,7.8796100000000004
0.803030303,1.285607323,4.256262626,7.97206
0.803030303,1.34534548,4.406969697,8.135950000000001
0.803030303,1.405083638,4.557676768,8.38671
0.803030303,1.464821795,4.708383838,8.73975
0.818181818,0.425942026,2.146363636,5.87518
0.818181818,0.484573921,2.297070707,6.49815
0.818181818,0.543205816,2.447777778,6.9897
0.818181818,0.601837711,2.598484848,7.36442
0.818181818,0.660469606,2.749191919,7.63689
0.818181818,0.719101501,2.89989899,7.82167
0.818181818,0.777733396,3.050606061,7.93335
0.818181818,0.836365291,3.201313131,7.9865200000000005
0.818181818,0.894997186,3.352020202,7.9957400000000005
0.818181818,0.953629081,3.502727273,7.9756
0.818181818,1.012260977,3.653434343,7.94067
0.818181818,1.070892872,3.804141414,7.90554
0.818181818,1.129524767,3.954848485,7.88478
0.818181818,1.188156662,4.105555556,7.89297
0.818181818,1.246788557,4.256262626,7.9446900000000005
0.818181818,1.305420452,4.406969697,8.05453
0.818181818,1.364052347,4.557676768,8.23705
0.818181818,1.422684242,4.708383838,8.50683
0.818181818,1.481316137,4.859090909,8.87847
0.833333333,0.460749712,2.297070707,6.2424100000000005
0.833333333,0.518315572,2.447777778,6.78741
0.833333333,0.575881433,2.598484848,7.21281
0.833333333,0.633447294,2.749191919,7.532430000000001
0.833333333,0.691013154,2.89989899,7.760050000000001
0.833333333,0.748579015,3.050606061,7.909470000000001
0.833333333,0.806144875,3.201313131,7.99448
0.833333333,0.863710736,3.352020202,8.0289
0.833333333,0.921276597,3.502727273,8.0265
0.833333333,0.978842457,3.653434343,8.001100000000001
0.833333333,1.036408318,3.804141414,7.966480000000001
0.833333333,1.093974179,3.954848485,7.936450000000001
0.833333333,1.151540039,4.105555556,7.9248
0.833333333,1.2091059,4.256262626,7.94534
0.833333333,1.266671761,4.406969697,8.01185
0.833333333,1.324237621,4.557676768,8.13813
0.833333333,1.381803482,4.708383838,8.33799
0.833333333,1.439369342,4.859090909,8.625210000000001
0.833333333,1.496935203,5.00979798,9.01361
0.848484848,0.437505805,2.297070707,5.96035
0.848484848,0.494043703,2.447777778,6.55891
0.848484848,0.550581602,2.598484848,7.03549
0.848484848,0.607119501,2.749191919,7.403160000000001
0.848484848,0.6636574,2.89989899,7.67502
0.848484848,0.720195299,3.050606061,7.864120000000001
0.848484848,0.776733198,3.201313131,7.98355
0.848484848,0.833271096,3.352020202,8.046380000000001
0.848484848,0.889808995,3.502727273,8.06568
0.848484848,0.946346894,3.653434343,8.05453
0.848484848,1.002884793,3.804141414,8.026
0.848484848,1.059422692,3.954848485,7.9931600000000005
0.848484848,1.115960591,4.105555556,7.9691
0.848484848,1.172498489,4.256262626,7.966880000000001
0.848484848,1.229036388,4.406969697,7.99957
0.848484848,1.285574287,4.557676768,8.08027
0.848484848,1.342112186,4.708383838,8.22203
0.848484848,1.398650085,4.859090909,8.43793
0.848484848,1.455187984,5.00979798,8.74104
0.863636364,0.470357663,2.447777778,6.30396
0.863636364,0.525903669,2.598484848,6.83207
0.863636364,0.581449675,2.749191919,7.24855
0.863636364,0.63699568,2.89989899,7.56582
0.863636364,0.692541686,3.050606061,7.79627
0.863636364,0.748087692,3.201313131,7.952310000000001
0.863636364,0.803633698,3.352020202,8.04635
0.863636364,0.859179704,3.502727273,8.09079
0.863636364,0.91472571,3.653434343,8.098040000000001
0.863636364,0.970271716,3.804141414,8.080490000000001
0.863636364,1.025817722,3.954848485,8.05055
0.863636364,1.081363727,4.105555556,8.02063
0.863636364,1.136909733,4.256262626,8.00314
0.863636364,1.192455739,4.406969697,8.01046
0.863636364,1.248001745,4.557676768,8.05502
0.863636364,1.303547751,4.708383838,8.14921
0.863636364,1.359093757,4.859090909,8.30544
0.863636364,1.414639763,5.00979798,8.53612
0.863636364,1.470185769,5.160505051,8.85364
0.878787879,0.447227149,2.447777778,6.02234
0.878787879,0.501815465,2.598484848,6.60222
0.878787879,0.556403782,2.749191919,7.0681
0.878787879,0.610992098,2.89989899,7.431760000000001
0.878787879,0.665580414,3.050606061,7.70498
0.878787879,0.72016873,3.201313131,7.89954
0.878787879,0.774757046,3.352020202,8.02722
0.878787879,0.829345362,3.502727273,8.09981
0.878787879,0.883933678,3.653434343,8.12909
0.878787879,0.938521994,3.804141414,8.12683
0.878787879,0.99311031,3.954848485,8.10484
0.878787879,1.047698627,4.105555556,8.07488
0.878787879,1.102286943,4.256262626,8.04874
0.878787879,1.156875259,4.406969697,8.0382
0.878787879,1.211463575,4.557676768,8.05504
0.878787879,1.266051891,4.708383838,8.11105
0.878787879,1.320640207,4.859090909,8.21801
0.878787879,1.375228523,5.00979798,8.3877
0.878787879,1.429816839,5.160505051,8.63191
0.878787879,1.484405155,5.311212121,8.96241
0.893939394,0.478287006,2.598484848,6.34563
0.893939394,0.531950097,2.749191919,6.8613800000000005
0.893939394,0.585613187,2.89989899,7.2722500000000005
0.893939394,0.639276277,3.050606061,7.589440000000001
0.893939394,0.692939368,3.201313131,7.82415
0.893939394,0.746602458,3.352020202,7.98759
0.893939394,0.800265549,3.502727273,8.09096
0.893939394,0.853928639,3.653434343,8.14547
0.893939394,0.907591729,3.804141414,8.162320000000001
0.893939394,0.96125482,3.954848485,8.15272
0.893939394,1.01491791,4.105555556,8.127880000000001
0.893939394,1.068581001,4.256262626,8.09899
0.893939394,1.122244091,4.406969697,8.07726
0.893939394,1.175907182,4.557676768,8.0739
0.893939394,1.229570272,4.708383838,8.10011
0.893939394,1.283233362,4.859090909,8.16709
0.893939394,1.336896453,5.00979798,8.28606
0.893939394,1.390559543,5.160505051,8.468210000000001
0.893939394,1.444222634,5.311212121,8.72475
0.893939394,1.497885724,5.461919192,9.066880000000001
0.909090909,0.455290303,2.598484848,6.06199
0.909090909,0.508059009,2.749191919,6.6279900000000005
0.909090909,0.560827715,2.89989899,7.08674
0.909090909,0.61359642,3.050606061,7.44892
0.909090909,0.666365126,3.201313131,7.7252
0.909090909,0.719133831,3.352020202,7.92623
0.909090909,0.771902537,3.502727273,8.0627
0.909090909,0.824671242,3.653434343,8.14526
0.909090909,0.877439948,3.804141414,8.18458
0.909090909,0.930208654,3.954848485,8.19133
0.909090909,0.982977359,4.105555556,8.17618
0.909090909,1.035746065,4.256262626,8.14979
0.909090909,1.08851477,4.406969697,8.12283
0.909090909,1.141283476,4.557676768,8.10596
0.909090909,1.194052182,4.708383838,8.10986
0.909090909,1.246820887,4.859090909,8.14519
0.909090909,1.299589593,5.00979798,8.222620000000001
0.909090909,1.352358298,5.160505051,8.35282
0.909090909,1.405127004,5.311212121,8.54644
0.909090909,1.457895709,5.461919192,8.81417
0.924242424,0.48470285,2.749191919,6.36752
0.924242424,0.536606495,2.89989899,6.8747300000000005
0.924242424,0.58851014,3.050606061,7.28278
0.924242424,0.640413785,3.201313131,7.60184
0.924242424,0.69231743,3.352020202,7.84208
0.924242424,0.744221075,3.502727273,8.01366
0.924242424,0.796124719,3.653434343,8.12675
0.924242424,0.848028364,3.804141414,8.19152
0.924242424,0.899932009,3.954848485,8.21812
0.924242424,0.951835654,4.105555556,8.21674
0.924242424,1.003739299,4.256262626,8.19752
0.924242424,1.055642944,4.406969697,8.17065
0.924242424,1.107546588,4.557676768,8.14628
0.924242424,1.159450233,4.708383838,8.13458
0.924242424,1.211353878,4.859090909,8.14572
0.924242424,1.263257523,5.00979798,8.18986
0.924242424,1.315161168,5.160505051,8.27717
0.924242424,1.367064813,5.311212121,8.41782
0.924242424,1.418968457,5.461919192,8.62196
0.924242424,1.470872102,5.612626263,8.89977
0.939393939,0.512922226,2.89989899,6.63575
0.939393939,0.563988716,3.050606061,7.09042
0.939393939,0.615055205,3.201313131,7.453320000000001
0.939393939,0.666121694,3.352020202,7.73416
0.939393939,0.717188183,3.502727273,7.94264
0.939393939,0.768254673,3.653434343,8.08845
0.939393939,0.819321162,3.804141414,8.1813
0.939393939,0.870387651,3.954848485,8.23088
0.939393939,0.92145414,4.105555556,8.24689
0.939393939,0.97252063,4.256262626,8.23903
0.939393939,1.023587119,4.406969697,8.216990000000001
0.939393939,1.074653608,4.557676768,8.19049
0.939393939,1.125720097,4.708383838,8.16921
0.939393939,1.176786587,4.859090909,8.16286
0.939393939,1.227853076,5.00979798,8.18112
0.939393939,1.278919565,5.160505051,8.23371
0.939393939,1.329986055,5.311212121,8.33032
0.939393939,1.381052544,5.461919192,8.48065
0.939393939,1.432119033,5.612626263,8.69439
0.939393939,1.483185522,5.763333333,8.981250000000001
0.954545455,0.489749339,2.89989899,6.3693800000000005
0.954545455,0.540005249,3.050606061,6.87129
0.954545455,0.590261159,3.201313131,7.27894
0.954545455,0.640517069,3.352020202,7.60161
0.954545455,0.690772979,3.502727273,7.84855
0.954545455,0.741028889,3.653434343,8.029020000000001
0.954545455,0.791284799,3.804141414,8.15229
0.954545455,0.841540709,3.954848485,8.22761
0.954545455,0.891796619,4.105555556,8.26426
0.954545455,0.942052529,4.256262626,8.27149
0.954545455,0.992308439,4.406969697,8.258560000000001
0.954545455,1.042564349,4.557676768,8.23474
0.954545455,1.092820259,4.708383838,8.209290000000001
0.954545455,1.14307617,4.859090909,8.191460000000001
0.954545455,1.19333208,5.00979798,8.19053
0.954545455,1.24358799,5.160505051,8.21575
0.954545455,1.2938439,5.311212121,8.276390000000001
0.954545455,1.34409981,5.461919192,8.38171
0.954545455,1.39435572,5.612626263,8.54096
0.954545455,1.44461163,5.763333333,8.76342
0.954545455,1.49486754,5.914040404,9.05834
0.96969697,0.516534523,3.050606061,6.62488
0.96969697,0.566005184,3.201313131,7.07808
0.96969697,0.615475846,3.352020202,7.44364
0.96969697,0.664946507,3.502727273,7.7304200000000005
0.96969697,0.714417169,3.653434343,7.94726
0.96969697,0.76388783,3.804141414,8.10303
0.96969697,0.813358492,3.954848485,8.20658
0.96969697,0.862829153,4.105555556,8.26676
0.96969697,0.912299815,4.256262626,8.29242
0.96969697,0.961770476,4.406969697,8.29242
0.96969697,1.011241137,4.557676768,8.27561
0.96969697,1.060711799,4.708383838,8.25085
0.96969697,1.11018246,4.859090909,8.226980000000001
0.96969697,1.159653122,5.00979798,8.21287
0.96969697,1.209123783,5.160505051,8.21737
0.96969697,1.258594445,5.311212121,8.24932
0.96969697,1.308065106,5.461919192,8.317590000000001
0.96969697,1.357535768,5.612626263,8.43102
0.96969697,1.407006429,5.763333333,8.59848
0.96969697,1.456477091,5.914040404,8.828800000000001
0.984848485,0.493552873,3.050606061,6.3507
0.984848485,0.542262447,3.201313131,6.85013
0.984848485,0.590972021,3.352020202,7.25953
0.984848485,0.639681596,3.502727273,7.58736
0.984848485,0.68839117,3.653434343,7.84211
0.984848485,0.737100745,3.804141414,8.03223
0.984848485,0.785810319,3.954848485,8.16621
0.984848485,0.834519893,4.105555556,8.252510000000001
0.984848485,0.883229468,4.256262626,8.29961
0.984848485,0.931939042,4.406969697,8.31597
0.984848485,0.980648616,4.557676768,8.31007
0.984848485,1.029358191,4.708383838,8.29038
0.984848485,1.078067765,4.859090909,8.26537
0.984848485,1.12677734,5.00979798,8.24351
0.984848485,1.175486914,5.160505051,8.23328
0.984848485,1.224196488,5.311212121,8.24314
0.984848485,1.272906063,5.461919192,8.28156
0.984848485,1.321615637,5.612626263,8.35702
0.984848485,1.370325212,5.763333333,8.47799
0.984848485,1.419034786,5.914040404,8.652940000000001
0.984848485,1.46774436,6.064747475,8.89034
1.0,0.519009618,3.201313131,6.59455
1.0,0.566981169,3.352020202,7.04861
1.0,0.61495272,3.502727273,7.41858
1.0,0.66292427,3.653434343,7.71258
1.0,0.710895821,3.804141414,7.93871
1.0,0.758867371,3.954848485,8.1051
1.0,0.806838922,4.105555556,8.219850000000001
1.0,0.854810472,4.256262626,8.29107
1.0,0.902782023,4.406969697,8.32689
1.0,0.950753573,4.557676768,8.33541
1.0,0.998725124,4.708383838,8.32475
1.0,1.046696674,4.859090909,8.30302
1.0,1.094668225,5.00979798,8.27833
1.0,1.142639775,5.160505051,8.25879
1.0,1.190611326,5.311212121,8.25253
1.0,1.238582876,5.461919192,8.26764
1.0,1.286554427,5.612626263,8.31225
1.0,1.334525977,5.763333333,8.39447
1.0,1.382497528,5.914040404,8.52241
1.0,1.430469078,6.064747475,8.704180000000001
1.0,1.478440629,6.215454545,8.9479
1.015151515,0.543480319,3.352020202,6.81026
1.015151515,0.590735877,3.502727273,7.22332
1.015151515,0.637991434,3.653434343,7.5577700000000005
1.015151515,0.685246991,3.804141414,7.82139
1.015151515,0.732502548,3.954848485,8.02196
1.015151515,0.779758106,4.105555556,8.16724
1.015151515,0.827013663,4.256262626,8.26503
1.015151515,0.87426922,4.406969697,8.32309
1.015151515,0.921524777,4.557676768,8.349210000000001
1.015151515,0.968780334,4.708383838,8.35115
1.015151515,1.016035892,4.859090909,8.3367
1.015151515,1.063291449,5.00979798,8.31363
1.015151515,1.110547006,5.160505051,8.28972
1.015151515,1.157802563,5.311212121,8.27274
1.015151515,1.205058121,5.461919192,8.270480000000001
1.015151515,1.252313678,5.612626263,8.29071
1.015151515,1.299569235,5.763333333,8.3412
1.015151515,1.346824792,5.914040404,8.429730000000001
1.015151515,1.39408035,6.064747475,8.56409
1.015151515,1.441335907,6.215454545,8.752040000000001
1.015151515,1.488591464,6.366161616,9.00136
1.03030303,0.520447855,3.352020202,6.5439
1.03030303,0.567008477,3.502727273,7.00089
1.03030303,0.6135691,3.653434343,7.37687
1.03030303,0.660129722,3.804141414,7.6793000000000005
1.03030303,0.706690345,3.954848485,7.915640000000001
1.03030303,0.753250968,4.105555556,8.09334
1.03030303,0.79981159,4.256262626,8.21988
1.03030303,0.846372213,4.406969697,8.3027
1.03030303,0.892932835,4.557676768,8.34927
1.03030303,0.939493458,4.708383838,8.36706
1.03030303,0.98605408,4.859090909,8.36352
1.03030303,1.032614703,5.00979798,8.34611
1.03030303,1.079175326,5.160505051,8.32229
1.03030303,1.125735948,5.311212121,8.29953
1.03030303,1.172296571,5.461919192,8.28528
1.03030303,1.218857193,5.612626263,8.28701
1.03030303,1.265417816,5.763333333,8.31217
1.03030303,1.311978438,5.914040404,8.36823
1.03030303,1.358539061,6.064747475,8.46265
1.03030303,1.405099684,6.215454545,8.60289
1.03030303,1.451660306,6.366161616,8.79641
1.03030303,1.498220929,6.516868687,9.05067
1.045454545,0.543749242,3.502727273,6.750640000000001
1.045454545,0.589635073,3.653434343,7.16912
1.045454545,0.635520903,3.804141414,7.51154
1.045454545,0.681406734,3.954848485,7.785080000000001
1.045454545,0.727292565,4.105555556,7.9969
1.045454545,0.773178396,4.256262626,8.154160000000001
1.045454545,0.819064227,4.406969697,8.26402
1.045454545,0.864950058,4.557676768,8.33365
1.045454545,0.910835889,4.708383838,8.37022
1.045454545,0.95672172,4.859090909,8.38088
1.045454545,1.002607551,5.00979798,8.3728
1.045454545,1.048493382,5.160505051,8.35314
1.045454545,1.094379213,5.311212121,8.32907
1.045454545,1.140265044,5.461919192,8.30774
1.045454545,1.186150875,5.612626263,8.29634
1.045454545,1.232036706,5.763333333,8.302
1.045454545,1.277922537,5.914040404,8.33191
1.045454545,1.323808368,6.064747475,8.39323
1.045454545,1.369694198,6.215454545,8.49311
1.045454545,1.415580029,6.366161616,8.638720000000001
1.045454545,1.46146586,6.516868687,8.83723
1.060606061,0.566168424,3.653434343,6.9337800000000005
1.060606061,0.611398743,3.804141414,7.31728
1.060606061,0.656629062,3.954848485,7.62931
1.060606061,0.701859382,4.105555556,7.87678
1.060606061,0.747089701,4.256262626,8.06655
1.060606061,0.79232002,4.406969697,8.20552
1.060606061,0.837550339,4.557676768,8.30057
1.060606061,0.882780658,4.708383838,8.35858
1.060606061,0.928010977,4.859090909,8.38643
1.060606061,0.973241296,5.00979798,8.391020000000001
1.060606061,1.018471615,5.160505051,8.37922
1.060606061,1.063701934,5.311212121,8.35792
1.060606061,1.108932253,5.461919192,8.334
1.060606061,1.154162572,5.612626263,8.314350000000001
1.060606061,1.199392891,5.763333333,8.30585
1.060606061,1.24462321,5.914040404,8.315380000000001
1.060606061,1.289853529,6.064747475,8.34983
1.060606061,1.335083848,6.215454545,8.416080000000001
1.060606061,1.380314167,6.366161616,8.52101
1.060606061,1.425544487,6.516868687,8.67151
1.060606061,1.470774806,6.667575758,8.87447
1.075757576,0.543149407,3.653434343,6.6702
1.075757576,0.587742679,3.804141414,7.0957300000000005
1.075757576,0.632335951,3.954848485,7.447430000000001
1.075757576,0.676929224,4.105555556,7.731920000000001
1.075757576,0.721522496,4.256262626,7.955830000000001
1.075757576,0.766115768,4.406969697,8.12578
1.075757576,0.810709041,4.557676768,8.24839
1.075757576,0.855302313,4.708383838,8.33028
1.075757576,0.899895585,4.859090909,8.37806
1.075757576,0.944488858,5.00979798,8.39836
1.075757576,0.98908213,5.160505051,8.39779
1.075757576,1.033675402,5.311212121,8.38299
1.075757576,1.078268675,5.461919192,8.360570000000001
1.075757576,1.122861947,5.612626263,8.33714
1.075757576,1.167455219,5.763333333,8.31933
1.075757576,1.212048492,5.914040404,8.31376
1.075757576,1.256641764,6.064747475,8.32705
1.075757576,1.301235036,6.215454545,8.36583
1.075757576,1.345828309,6.366161616,8.4367
1.075757576,1.390421581,6.516868687,8.54629
1.075757576,1.435014853,6.667575758,8.701220000000001
1.075757576,1.479608125,6.818282828,8.90811
1.090909091,0.56453329,3.804141414,6.84616
1.090909091,0.608507211,3.954848485,7.23858
1.090909091,0.652481133,4.105555556,7.56137
1.090909091,0.696455054,4.256262626,7.8209
1.090909091,0.740428975,4.406969697,8.023530000000001
1.090909091,0.784402897,4.557676768,8.175650000000001
1.090909091,0.828376818,4.708383838,8.28362
1.090909091,0.872350739,4.859090909,8.35382
1.090909091,0.916324661,5.00979798,8.39261
1.090909091,0.960298582,5.160505051,8.40637
1.090909091,1.004272503,5.311212121,8.40147
1.090909091,1.048246425,5.461919192,8.38427
1.090909091,1.092220346,5.612626263,8.36117
1.090909091,1.136194267,5.763333333,8.33851
1.090909091,1.180168188,5.914040404,8.32268
1.090909091,1.22414211,6.064747475,8.32005
1.090909091,1.268116031,6.215454545,8.33698
1.090909091,1.312089952,6.366161616,8.37986
1.090909091,1.356063874,6.516868687,8.45504
1.090909091,1.400037795,6.667575758,8.56891
1.090909091,1.444011716,6.818282828,8.72784
1.090909091,1.487985638,6.968989899,8.93819
1.106060606,0.585123758,3.954848485,7.00199
1.106060606,0.628495297,4.105555556,7.36421
1.106060606,0.671866836,4.256262626,7.6607
1.106060606,0.715238375,4.406969697,7.8975800000000005
1.106060606,0.758609914,4.557676768,8.08099
1.106060606,0.801981453,4.708383838,8.21707
1.106060606,0.845352991,4.859090909,8.31195
1.106060606,0.88872453,5.00979798,8.371780000000001
1.106060606,0.932096069,5.160505051,8.40268
1.106060606,0.975467608,5.311212121,8.4108
1.106060606,1.018839147,5.461919192,8.40227
1.106060606,1.062210686,5.612626263,8.38322
1.106060606,1.105582224,5.763333333,8.35981
1.106060606,1.148953763,5.914040404,8.33815
1.106060606,1.192325302,6.064747475,8.324390000000001
1.106060606,1.235696841,6.215454545,8.324670000000001
1.106060606,1.27906838,6.366161616,8.34512
1.106060606,1.322439919,6.516868687,8.39188
1.106060606,1.365811457,6.667575758,8.47108
1.106060606,1.409182996,6.818282828,8.58886
1.106060606,1.452554535,6.968989899,8.75137
1.106060606,1.495926074,7.11969697,8.96473
1.121212121,0.562167541,3.954848485,6.7369
1.121212121,0.604952978,4.105555556,7.13961
1.121212121,0.647738415,4.256262626,7.47428
1.121212121,0.690523851,4.406969697,7.7468200000000005
1.121212121,0.733309288,4.557676768,7.96316
1.121212121,0.776094725,4.708383838,8.12919
1.121212121,0.818880162,4.859090909,8.25085
1.121212121,0.861665599,5.00979798,8.33404
1.121212121,0.904451036,5.160505051,8.38467
1.121212121,0.947236473,5.311212121,8.40867
1.121212121,0.99002191,5.461919192,8.41194
1.121212121,1.032807347,5.612626263,8.40041
1.121212121,1.075592784,5.763333333,8.37998
1.121212121,1.118378221,5.914040404,8.35657
1.121212121,1.161163658,6.064747475,8.3361
1.121212121,1.203949095,6.215454545,8.32448
1.121212121,1.246734532,6.366161616,8.32762
1.121212121,1.289519969,6.516868687,8.35145
1.121212121,1.332305406,6.667575758,8.40187
1.121212121,1.375090843,6.818282828,8.4848
1.121212121,1.41787628,6.968989899,8.606160000000001
1.121212121,1.460661717,7.11969697,8.77185
1.136363636,0.581836433,4.105555556,6.88676
1.136363636,0.624051397,4.256262626,7.260730000000001
1.136363636,0.666266362,4.406969697,7.570250000000001
1.136363636,0.708481326,4.557676768,7.82099
1.136363636,0.750696291,4.708383838,8.01868
1.136363636,0.792911255,4.859090909,8.16902
1.136363636,0.83512622,5.00979798,8.2777
1.136363636,0.877341184,5.160505051,8.35045
1.136363636,0.919556149,5.311212121,8.39295
1.136363636,0.961771113,5.461919192,8.41091
1.136363636,1.003986077,5.612626263,8.41005
1.136363636,1.046201042,5.763333333,8.39606
1.136363636,1.088416006,5.914040404,8.37465
1.136363636,1.130630971,6.064747475,8.35153
1.136363636,1.172845935,6.215454545,8.33239
1.136363636,1.2150609,6.366161616,8.32295
1.136363636,1.257275864,6.516868687,8.32891
1.136363636,1.299490829,6.667575758,8.355970000000001
1.136363636,1.341705793,6.818282828,8.40984
1.136363636,1.383920758,6.968989899,8.496220000000001
1.136363636,1.426135722,7.11969697,8.62082
1.136363636,1.468350687,7.27040404,8.789340000000001
1.151515152,0.600788361,4.256262626,7.01922
1.151515152,0.642447865,4.406969697,7.366890000000001
1.151515152,0.684107369,4.557676768,7.653420000000001
1.151515152,0.725766874,4.708383838,7.884320000000001
1.151515152,0.767426378,4.859090909,8.06509
1.151515152,0.809085883,5.00979798,8.20124
1.151515152,0.850745387,5.160505051,8.29828
1.151515152,0.892404891,5.311212121,8.3617
1.151515152,0.934064396,5.461919192,8.39702
1.151515152,0.9757239,5.612626263,8.409740000000001
1.151515152,1.017383405,5.763333333,8.40537
1.151515152,1.059042909,5.914040404,8.38941
1.151515152,1.100702413,6.064747475,8.367370000000001
1.151515152,1.142361918,6.215454545,8.34476
1.151515152,1.184021422,6.366161616,8.32708
1.151515152,1.225680927,6.516868687,8.319840000000001
1.151515152,1.267340431,6.667575758,8.32854
1.151515152,1.308999935,6.818282828,8.358690000000001
1.151515152,1.35065944,6.968989899,8.41579
1.151515152,1.392318944,7.11969697,8.50536
1.151515152,1.433978449,7.27040404,8.63289
1.151515152,1.475637953,7.421111111,8.8039
1.166666667,0.619051258,4.406969697,7.1358500000000005
1.166666667,0.660169729,4.557676768,7.45943
1.166666667,0.701288201,4.708383838,7.72497
1.166666667,0.742406673,4.859090909,7.9378
1.166666667,0.783525145,5.00979798,8.10322
1.166666667,0.824643617,5.160505051,8.226560000000001
1.166666667,0.865762089,5.311212121,8.313130000000001
1.166666667,0.906880561,5.461919192,8.368260000000001
1.166666667,0.947999033,5.612626263,8.39725
1.166666667,0.989117504,5.763333333,8.40542
1.166666667,1.030235976,5.914040404,8.39811
1.166666667,1.071354448,6.064747475,8.38061
1.166666667,1.11247292,6.215454545,8.35825
1.166666667,1.153591392,6.366161616,8.33634
1.166666667,1.194709864,6.516868687,8.32021
1.166666667,1.235828336,6.667575758,8.31517
1.166666667,1.276946808,6.818282828,8.32654
1.166666667,1.318065279,6.968989899,8.359630000000001
1.166666667,1.359183751,7.11969697,8.41977
1.166666667,1.400302223,7.27040404,8.512270000000001
1.166666667,1.441420695,7.421111111,8.64244
1.166666667,1.482539167,7.571818182,8.81561
1.181818182,0.596060313,4.406969697,6.87628
1.181818182,0.636651625,4.557676768,7.2380700000000004
1.181818182,0.677242937,4.708383838,7.53958
1.181818182,0.717834249,4.859090909,7.785950000000001
1.181818182,0.758425561,5.00979798,7.9823200000000005
1.181818182,0.799016873,5.160505051,8.13382
1.181818182,0.839608185,5.311212121,8.2456
1.181818182,0.880199497,5.461919192,8.32279
1.181818182,0.920790809,5.612626263,8.37053
1.181818182,0.961382121,5.763333333,8.39396
1.181818182,1.001973433,5.914040404,8.39823
1.181818182,1.042564745,6.064747475,8.38846
1.181818182,1.083156057,6.215454545,8.36979
1.181818182,1.123747369,6.366161616,8.347380000000001
1.181818182,1.164338681,6.516868687,8.32635
1.181818182,1.204929993,6.667575758,8.31184
1.181818182,1.245521305,6.818282828,8.30899
1.181818182,1.286112617,6.968989899,8.322940000000001
1.181818182,1.326703929,7.11969697,8.35884
1.181818182,1.367295241,7.27040404,8.42181
1.181818182,1.407886553,7.421111111,8.51699
1.181818182,1.448477864,7.571818182,8.64954
1.181818182,1.489069176,7.722525253,8.82457
1.196969697,0.613537124,4.557676768,6.98845
1.196969697,0.653614622,4.708383838,7.3271500000000005
1.196969697,0.69369212,4.859090909,7.60844
1.196969697,0.733769618,5.00979798,7.8373
1.196969697,0.773847116,5.160505051,8.01868
1.196969697,0.813924614,5.311212121,8.15756
1.196969697,0.854002111,5.461919192,8.25891
1.196969697,0.894079609,5.612626263,8.3277
1.196969697,0.934157107,5.763333333,8.3689
1.196969697,0.974234605,5.914040404,8.38747
1.196969697,1.014312103,6.064747475,8.38838
1.196969697,1.054389601,6.215454545,8.37661
1.196969697,1.094467099,6.366161616,8.35711
1.196969697,1.134544597,6.516868687,8.33487
1.196969697,1.174622095,6.667575758,8.31485
1.196969697,1.214699593,6.818282828,8.30202
1.196969697,1.254777091,6.968989899,8.301350000000001
1.196969697,1.294854588,7.11969697,8.3178
1.196969697,1.334932086,7.27040404,8.35635
1.196969697,1.375009584,7.421111111,8.42197
1.196969697,1.415087082,7.571818182,8.51961
1.196969697,1.45516458,7.722525253,8.65426
1.196969697,1.495242078,7.873232323,8.83089
1.212121212,0.630387621,4.708383838,7.08674
1.212121212,0.66996415,4.859090909,7.40423
1.212121212,0.709540679,5.00979798,7.667
1.212121212,0.749117209,5.160505051,7.87986
1.212121212,0.788693738,5.311212121,8.04761
1.212121212,0.828270267,5.461919192,8.17506
1.212121212,0.867846796,5.612626263,8.26702
1.212121212,0.907423325,5.763333333,8.3283
1.212121212,0.946999854,5.914040404,8.3637
1.212121212,0.986576384,6.064747475,8.37803
1.212121212,1.026152913,6.215454545,8.376100000000001
1.212121212,1.065729442,6.366161616,8.36272
1.212121212,1.105305971,6.516868687,8.3427
1.212121212,1.1448825,6.667575758,8.32084
1.212121212,1.18445903,6.818282828,8.30195
1.212121212,1.224035559,6.968989899,8.29083
1.212121212,1.263612088,7.11969697,8.292300000000001
1.212121212,1.303188617,7.27040404,8.31117
1.212121212,1.342765146,7.421111111,8.35223
1.212121212,1.382341675,7.571818182,8.42031
1.212121212,1.421918205,7.722525253,8.5202
1.212121212,1.461494734,7.873232323,8.65672
1.227272727,0.646635001,4.859090909,7.17234
1.227272727,0.685722931,5.00979798,7.47036
1.227272727,0.724810861,5.160505051,7.71616
1.227272727,0.763898791,5.311212121,7.91441
1.227272727,0.802986721,5.461919192,8.06976
1.227272727,0.842074651,5.612626263,8.18687
1.227272727,0.881162581,5.763333333,8.27038
1.227272727,0.920250511,5.914040404,8.32496
1.227272727,0.959338441,6.064747475,8.35525
1.227272727,0.998426371,6.215454545,8.365920000000001
1.227272727,1.037514301,6.366161616,8.36161
1.227272727,1.076602231,6.516868687,8.34698
1.227272727,1.115690161,6.667575758,8.32668
1.227272727,1.154778091,6.818282828,8.30537
1.227272727,1.193866021,6.968989899,8.28771
1.227272727,1.232953951,7.11969697,8.27834
1.227272727,1.272041881,7.27040404,8.28192
1.227272727,1.311129812,7.421111111,8.30311
1.227272727,1.350217742,7.571818182,8.34655
1.227272727,1.389305672,7.722525253,8.416920000000001
1.227272727,1.428393602,7.873232323,8.51884
1.227272727,1.467481532,8.023939394,8.657
1.242424242,0.62369008,4.859090909,6.91183
1.242424242,0.662301328,5.00979798,7.24632
1.242424242,0.700912576,5.160505051,7.5264500000000005
1.242424242,0.739523824,5.311212121,7.75673
1.242424242,0.778135072,5.461919192,7.94165
1.242424242,0.81674632,5.612626263,8.08574
1.242424242,0.855357568,5.763333333,8.19349
1.242424242,0.893968816,5.914040404,8.26943
1.242424242,0.932580064,6.064747475,8.31804
1.242424242,0.971191312,6.215454545,8.34385
1.242424242,1.00980256,6.366161616,8.35136
1.242424242,1.048413808,6.516868687,8.34508
1.242424242,1.087025056,6.667575758,8.32952
1.242424242,1.125636304,6.818282828,8.30918
1.242424242,1.164247552,6.968989899,8.28858
1.242424242,1.2028588,7.11969697,8.27222
1.242424242,1.241470048,7.27040404,8.26462
1.242424242,1.280081296,7.421111111,8.27027
1.242424242,1.318692544,7.571818182,8.29369
1.242424242,1.357303792,7.722525253,8.33939
1.242424242,1.39591504,7.873232323,8.41187
1.242424242,1.434526288,8.023939394,8.51564
1.242424242,1.473137536,8.174646465,8.65521
1.257575758,0.639261553,5.00979798,6.99394
1.257575758,0.677407605,5.160505051,7.30968
1.257575758,0.715553657,5.311212121,7.57339
1.257575758,0.75369971,5.461919192,7.78945
1.257575758,0.791845762,5.612626263,7.96222
1.257575758,0.829991814,5.763333333,8.09608
1.257575758,0.868137866,5.914040404,8.195400000000001
1.257575758,0.906283919,6.064747475,8.26454
1.257575758,0.944429971,6.215454545,8.30787
1.257575758,0.982576023,6.366161616,8.32976
1.257575758,1.020722075,6.516868687,8.33458
1.257575758,1.058868127,6.667575758,8.32671
1.257575758,1.09701418,6.818282828,8.310500000000001
1.257575758,1.135160232,6.968989899,8.29033
1.257575758,1.173306284,7.11969697,8.270570000000001
1.257575758,1.211452336,7.27040404,8.25559
1.257575758,1.249598389,7.421111111,8.24975
1.257575758,1.287744441,7.571818182,8.25743
1.257575758,1.325890493,7.722525253,8.28299
1.257575758,1.364036545,7.873232323,8.33081
1.257575758,1.402182597,8.023939394,8.40525
1.257575758,1.44032865,8.174646465,8.51068
1.257575758,1.478474702,8.325353535,8.65148
1.272727273,0.654281901,5.160505051,7.06482
1.272727273,0.691973834,5.311212121,7.363300000000001
1.272727273,0.729665766,5.461919192,7.611940000000001
1.272727273,0.767357699,5.612626263,7.815
1.272727273,0.805049632,5.763333333,7.976710000000001
1.272727273,0.842741564,5.914040404,8.1013
1.272727273,0.880433497,6.064747475,8.193010000000001
1.272727273,0.918125429,6.215454545,8.25608
1.272727273,0.955817362,6.366161616,8.294740000000001
1.272727273,0.993509294,6.516868687,8.31323
1.272727273,1.031201227,6.667575758,8.31579
1.272727273,1.068893159,6.818282828,8.30666
1.272727273,1.106585092,6.968989899,8.29006
1.272727273,1.144277025,7.11969697,8.27025
1.272727273,1.181968957,7.27040404,8.25144
1.272727273,1.21966089,7.421111111,8.23789
1.272727273,1.257352822,7.571818182,8.23382
1.272727273,1.295044755,7.722525253,8.24348
1.272727273,1.332736687,7.873232323,8.2711
1.272727273,1.37042862,8.023939394,8.32091
1.272727273,1.408120552,8.174646465,8.39716
1.272727273,1.445812485,8.325353535,8.50408
1.272727273,1.483504418,8.476060606,8.64591
1.287878788,0.668770577,5.311212121,7.1254
1.287878788,0.706019075,5.461919192,7.408
1.287878788,0.743267573,5.612626263,7.64283
1.287878788,0.780516071,5.763333333,7.83401
1.287878788,0.817764569,5.914040404,7.98564
1.287878788,0.855013067,6.064747475,8.101840000000001
1.287878788,0.892261565,6.215454545,8.186720000000001
1.287878788,0.929510063,6.366161616,8.24438
1.287878788,0.966758561,6.516868687,8.27894
1.287878788,1.004007059,6.667575758,8.29451
1.287878788,1.041255557,6.818282828,8.2952
1.287878788,1.078504055,6.968989899,8.28511
1.287878788,1.115752553,7.11969697,8.26836
1.287878788,1.153001051,7.27040404,8.24905
1.287878788,1.190249549,7.421111111,8.23131
1.287878788,1.227498047,7.571818182,8.21923
1.287878788,1.264746546,7.722525253,8.21693
1.287878788,1.301995044,7.873232323,8.22851
1.287878788,1.339243542,8.023939394,8.2581
1.287878788,1.37649204,8.174646465,8.30979
1.287878788,1.413740538,8.325353535,8.3877
1.287878788,1.450989036,8.476060606,8.495940000000001
1.287878788,1.488237534,8.626767677,8.63862
1.303030303,0.682746126,5.461919192,7.17654
1.303030303,0.719561502,5.612626263,7.44454
1.303030303,0.756376878,5.763333333,7.66671
1.303030303,0.793192254,5.914040404,7.847040000000001
1.303030303,0.83000763,6.064747475,7.989520000000001
1.303030303,0.866823006,6.215454545,8.09814
1.303030303,0.903638382,6.366161616,8.1769
1.303030303,0.940453758,6.516868687,8.22976
1.303030303,0.977269134,6.667575758,8.26074
1.303030303,1.01408451,6.818282828,8.27382
1.303030303,1.050899885,6.968989899,8.27298
1.303030303,1.087715261,7.11969697,8.26221
1.303030303,1.124530637,7.27040404,8.24551
1.303030303,1.161346013,7.421111111,8.22687
1.303030303,1.198161389,7.571818182,8.21027
1.303030303,1.234976765,7.722525253,8.1997
1.303030303,1.271792141,7.873232323,8.19915
1.303030303,1.308607517,8.023939394,8.21262
1.303030303,1.345422893,8.174646465,8.24408
1.303030303,1.382238269,8.325353535,8.29754
1.303030303,1.419053645,8.476060606,8.37697
1.303030303,1.455869021,8.626767677,8.48638
1.303030303,1.492684397,8.777474747,8.62974
1.318181818,0.659834032,5.461919192,6.91653
1.318181818,0.696226242,5.612626263,7.21901
1.318181818,0.732618453,5.763333333,7.4736
1.318181818,0.769010664,5.914040404,7.6841800000000005
1.318181818,0.805402875,6.064747475,7.85463
1.318181818,0.841795085,6.215454545,7.98881
1.318181818,0.878187296,6.366161616,8.0906
1.318181818,0.914579507,6.516868687,8.16388
1.318181818,0.950971718,6.667575758,8.21251
1.318181818,0.987363928,6.818282828,8.24038
1.318181818,1.023756139,6.968989899,8.25136
1.318181818,1.06014835,7.11969697,8.24932
1.318181818,1.09654056,7.27040404,8.23813
1.318181818,1.132932771,7.421111111,8.22167
1.318181818,1.169324982,7.571818182,8.20381
1.318181818,1.205717193,7.722525253,8.18843
1.318181818,1.242109403,7.873232323,8.17939
1.318181818,1.278501614,8.023939394,8.18059
1.318181818,1.314893825,8.174646465,8.19588
1.318181818,1.351286036,8.325353535,8.229140000000001
1.318181818,1.387678246,8.476060606,8.28425
1.318181818,1.424070457,8.626767677,8.36508
1.318181818,1.460462668,8.777474747,8.4755
1.318181818,1.496854879,8.928181818,8.619390000000001
1.333333333,0.673249153,5.612626263,6.9652
1.333333333,0.709227816,5.763333333,7.253550000000001
1.333333333,0.745206479,5.914040404,7.49584
1.333333333,0.781185142,6.064747475,7.69582
1.333333333,0.817163805,6.215454545,7.85726
1.333333333,0.853142468,6.366161616,7.98393
1.333333333,0.889121131,6.516868687,8.07958
1.333333333,0.925099794,6.667575758,8.14799
1.333333333,0.961078457,6.818282828,8.19291
1.333333333,0.99705712,6.968989899,8.2181
1.333333333,1.033035782,7.11969697,8.22734
1.333333333,1.069014445,7.27040404,8.22439
1.333333333,1.104993108,7.421111111,8.213000000000001
1.333333333,1.140971771,7.571818182,8.196950000000001
1.333333333,1.176950434,7.722525253,8.17999
1.333333333,1.212929097,7.873232323,8.165890000000001
1.333333333,1.24890776,8.023939394,8.15842
1.333333333,1.284886423,8.174646465,8.16133
1.333333333,1.320865086,8.325353535,8.17839
1.333333333,1.356843748,8.476060606,8.21337
1.333333333,1.392822411,8.626767677,8.27003
1.333333333,1.428801074,8.777474747,8.352120000000001
1.333333333,1.464779737,8.928181818,8.463420000000001
1.348484848,0.68619257,5.763333333,7.00547
1.348484848,0.721766978,5.914040404,7.28082
1.348484848,0.757341387,6.064747475,7.51183
1.348484848,0.792915795,6.215454545,7.70213
1.348484848,0.828490203,6.366161616,7.85539
1.348484848,0.864064611,6.516868687,7.97527
1.348484848,0.89963902,6.667575758,8.065430000000001
1.348484848,0.935213428,6.818282828,8.12952
1.348484848,0.970787836,6.968989899,8.1712
1.348484848,1.006362244,7.11969697,8.19413
1.348484848,1.041936653,7.27040404,8.20196
1.348484848,1.077511061,7.421111111,8.198360000000001
1.348484848,1.113085469,7.571818182,8.18699
1.348484848,1.148659878,7.722525253,8.17149
1.348484848,1.184234286,7.873232323,8.15554
1.348484848,1.219808694,8.023939394,8.14278
1.348484848,1.255383102,8.174646465,8.13687
1.348484848,1.290957511,8.325353535,8.14148
1.348484848,1.326531919,8.476060606,8.160260000000001
1.348484848,1.362106327,8.626767677,8.19687
1.348484848,1.397680735,8.777474747,8.25497
1.348484848,1.433255144,8.928181818,8.33821
1.348484848,1.468829552,9.078888889,8.45025
1.363636364,0.698680005,5.914040404,7.0380400000000005
1.363636364,0.733859142,6.064747475,7.3014600000000005
1.363636364,0.769038279,6.215454545,7.522130000000001
1.363636364,0.804217416,6.366161616,7.70361
1.363636364,0.839396554,6.516868687,7.84945
1.363636364,0.874575691,6.667575758,7.963220000000001
1.363636364,0.909754828,6.818282828,8.04847
1.363636364,0.944933965,6.968989899,8.10875
1.363636364,0.980113102,7.11969697,8.14763
1.363636364,1.015292239,7.27040404,8.168660000000001
1.363636364,1.050471376,7.421111111,8.1754
1.363636364,1.085650513,7.571818182,8.1714
1.363636364,1.12082965,7.722525253,8.16022
1.363636364,1.156008787,7.873232323,8.14542
1.363636364,1.191187924,8.023939394,8.13055
1.363636364,1.226367061,8.174646465,8.11918
1.363636364,1.261546198,8.325353535,8.11486
1.363636364,1.296725335,8.476060606,8.12114
1.363636364,1.331904472,8.626767677,8.14158
1.363636364,1.367083609,8.777474747,8.17974
1.363636364,1.402262746,8.928181818,8.239180000000001
1.363636364,1.437441883,9.078888889,8.323450000000001
1.363636364,1.47262102,9.22959596,8.436110000000001
1.378787879,0.710726491,6.064747475,7.06356
1.378787879,0.745519044,6.215454545,7.31602
1.378787879,0.780311597,6.366161616,7.52724
1.378787879,0.81510415,6.516868687,7.70069
1.378787879,0.849896704,6.667575758,7.83983
1.378787879,0.884689257,6.818282828,7.948110000000001
1.378787879,0.91948181,6.968989899,8.029
1.378787879,0.954274363,7.11969697,8.08596
1.378787879,0.989066916,7.27040404,8.122440000000001
1.378787879,1.023859469,7.421111111,8.141910000000001
1.378787879,1.058652022,7.571818182,8.14783
1.378787879,1.093444576,7.722525253,8.143650000000001
1.378787879,1.128237129,7.873232323,8.13284
1.378787879,1.163029682,8.023939394,8.11886
1.378787879,1.197822235,8.174646465,8.10516
1.378787879,1.232614788,8.325353535,8.09521
1.378787879,1.267407341,8.476060606,8.09247
1.378787879,1.302199894,8.626767677,8.10039
1.378787879,1.336992447,8.777474747,8.122440000000001
1.378787879,1.371785001,8.928181818,8.16207
1.378787879,1.406577554,9.078888889,8.22275
1.378787879,1.441370107,9.22959596,8.30794
1.378787879,1.47616266,9.38030303,8.421100000000001
1.393939394,0.722346406,6.215454545,7.0826400000000005
1.393939394,0.75676078,6.366161616,7.32505
1.393939394,0.791175153,6.516868687,7.52765
1.393939394,0.825589526,6.667575758,7.69381
1.393939394,0.860003899,6.818282828,7.8269
1.393939394,0.894418272,6.968989899,7.930280000000001
1.393939394,0.928832646,7.11969697,8.00732
1.393939394,0.963247019,7.27040404,8.06138
1.393939394,0.997661392,7.421111111,8.09585
1.393939394,1.032075765,7.571818182,8.11407
1.393939394,1.066490138,7.722525253,8.11943
1.393939394,1.100904512,7.873232323,8.11527
1.393939394,1.135318885,8.023939394,8.10499
1.393939394,1.169733258,8.174646465,8.09193
1.393939394,1.204147631,8.325353535,8.07947
1.393939394,1.238562004,8.476060606,8.07097
1.393939394,1.272976378,8.626767677,8.0698
1.393939394,1.307390751,8.777474747,8.07934
1.393939394,1.341805124,8.928181818,8.10293
1.393939394,1.376219497,9.078888889,8.14397
1.393939394,1.41063387,9.22959596,8.2058
1.393939394,1.445048244,9.38030303,8.29179
1.393939394,1.479462617,9.531010101,8.40532
1.409090909,0.733553512,6.366161616,7.09583
1.409090909,0.767597838,6.516868687,7.3290500000000005
1.409090909,0.801642164,6.667575758,7.52379
1.409090909,0.83568649,6.818282828,7.68335
1.409090909,0.869730816,6.968989899,7.811
1.409090909,0.903775142,7.11969697,7.91002
1.409090909,0.937819469,7.27040404,7.9836800000000006
1.409090909,0.971863795,7.421111111,8.03527
1.409090909,1.005908121,7.571818182,8.068060000000001
1.409090909,1.039952447,7.722525253,8.08532
1.409090909,1.073996773,7.873232323,8.09035
1.409090909,1.108041099,8.023939394,8.08641
1.409090909,1.142085426,8.174646465,8.07678
1.409090909,1.176129752,8.325353535,8.06475
1.409090909,1.210174078,8.476060606,8.05358
1.409090909,1.244218404,8.626767677,8.04656
1.409090909,1.27826273,8.777474747,8.04697
1.409090909,1.312307057,8.928181818,8.05808
1.409090909,1.346351383,9.078888889,8.08317
1.409090909,1.380395709,9.22959596,8.12552
1.409090909,1.414440035,9.38030303,8.1884
1.409090909,1.448484361,9.531010101,8.2751
1.409090909,1.482528687,9.681717172,8.3889
1.424242424,0.744360981,6.516868687,7.10367
1.424242424,0.778043134,6.667575758,7.32848
1.424242424,0.811725286,6.818282828,7.51609
1.424242424,0.845407439,6.968989899,7.66969
1.424242424,0.879089591,7.11969697,7.792470000000001
1.424242424,0.912771744,7.27040404,7.887630000000001
1.424242424,0.946453896,7.421111111,7.95835
1.424242424,0.980136049,7.571818182,8.00783
1.424242424,1.013818201,7.722525253,8.03927
1.424242424,1.047500354,7.873232323,8.05584
1.424242424,1.081182506,8.023939394,8.06075
1.424242424,1.114864659,8.174646465,8.0572
1.424242424,1.148546811,8.325353535,8.04836
1.424242424,1.182228964,8.476060606,8.03743
1.424242424,1.215911116,8.626767677,8.027610000000001
1.424242424,1.249593269,8.777474747,8.02209
1.424242424,1.283275421,8.928181818,8.02405
1.424242424,1.316957574,9.078888889,8.0367
1.424242424,1.350639726,9.22959596,8.06323
1.424242424,1.384321879,9.38030303,8.10682
1.424242424,1.418004031,9.531010101,8.17067
1.424242424,1.451686184,9.681717172,8.25797
1.424242424,1.485368336,9.832424242,8.371920000000001
1.439393939,0.721453832,6.516868687,6.850350000000001
1.439393939,0.754781436,6.667575758,7.10663
1.439393939,0.788109039,6.818282828,7.32379
1.439393939,0.821436643,6.968989899,7.50493
1.439393939,0.854764246,7.11969697,7.65317
1.439393939,0.88809185,7.27040404,7.77162
1.439393939,0.921419453,7.421111111,7.86338
1.439393939,0.954747057,7.571818182,7.931570000000001
1.439393939,0.98807466,7.722525253,7.9793
1.439393939,1.021402264,7.873232323,8.00967
1.439393939,1.054729867,8.023939394,8.0258
1.439393939,1.088057471,8.174646465,8.030800000000001
1.439393939,1.121385074,8.325353535,8.02777
1.439393939,1.154712678,8.476060606,8.01983
1.439393939,1.188040281,8.626767677,8.01009
1.439393939,1.221367885,8.777474747,8.001660000000001
1.439393939,1.254695489,8.928181818,7.9976400000000005
1.439393939,1.288023092,9.078888889,8.00116
1.439393939,1.321350696,9.22959596,8.01531
1.439393939,1.354678299,9.38030303,8.04321
1.439393939,1.388005903,9.531010101,8.08796
1.439393939,1.421333506,9.681717172,8.15269
1.439393939,1.45466111,9.832424242,8.24049
1.439393939,1.487988713,9.983131313,8.35448
1.454545455,0.731846528,6.667575758,6.85707
1.454545455,0.764826969,6.818282828,7.10519
1.454545455,0.79780741,6.968989899,7.31539
1.454545455,0.830787851,7.11969697,7.49069
1.454545455,0.863768292,7.27040404,7.63412
1.454545455,0.896748733,7.421111111,7.74873
1.454545455,0.929729174,7.571818182,7.83753
1.454545455,0.962709615,7.722525253,7.903560000000001
1.454545455,0.995690056,7.873232323,7.94986
1.454545455,1.028670497,8.023939394,7.97945
1.454545455,1.061650938,8.174646465,7.99535
1.454545455,1.094631379,8.325353535,8.00062
1.454545455,1.12761182,8.476060606,7.998270000000001
1.454545455,1.160592261,8.626767677,7.9913300000000005
1.454545455,1.193572702,8.777474747,7.98284
1.454545455,1.226553143,8.928181818,7.97583
1.454545455,1.259533584,9.078888889,7.97333
1.454545455,1.292514025,9.22959596,7.97837
1.454545455,1.325494466,9.38030303,7.9939800000000005
1.454545455,1.358474907,9.531010101,8.02319
1.454545455,1.391455348,9.681717172,8.069040000000001
1.454545455,1.424435789,9.832424242,8.13455
1.454545455,1.45741623,9.983131313,8.22275
1.454545455,1.490396671,10.13383838,8.33669
1.46969697,0.74186874,6.818282828,6.85909
1.46969697,0.774509177,6.968989899,7.09977
1.46969697,0.807149613,7.11969697,7.30366
1.46969697,0.83979005,7.27040404,7.4737
1.46969697,0.872430486,7.421111111,7.61285
1.46969697,0.905070923,7.571818182,7.72408
1.46969697,0.937711359,7.722525253,7.81033
1.46969697,0.970351795,7.873232323,7.874560000000001
1.46969697,1.002992232,8.023939394,7.91972
1.46969697,1.035632668,8.174646465,7.948770000000001
1.46969697,1.068273105,8.325353535,7.96466
1.46969697,1.100913541,8.476060606,7.97036
1.46969697,1.133553978,8.626767677,7.96881
1.46969697,1.166194414,8.777474747,7.96296
1.46969697,1.198834851,8.928181818,7.95578
1.46969697,1.231475287,9.078888889,7.95022
1.46969697,1.264115723,9.22959596,7.9492400000000005
1.46969697,1.29675616,9.38030303,7.95578
1.46969697,1.329396596,9.531010101,7.97281
1.46969697,1.362037033,9.681717172,8.00327
1.46969697,1.394677469,9.832424242,8.050130000000001
1.46969697,1.427317906,9.983131313,8.116340000000001
1.46969697,1.459958342,10.13383838,8.20485
1.46969697,1.492598778,10.28454545,8.318620000000001
1.484848485,0.75153181,6.968989899,6.85687
1.484848485,0.783839181,7.11969697,7.0907800000000005
1.484848485,0.816146552,7.27040404,7.28896
1.484848485,0.848453923,7.421111111,7.45429
1.484848485,0.880761294,7.571818182,7.58966
1.484848485,0.913068664,7.722525253,7.69793
1.484848485,0.945376035,7.873232323,7.782
1.484848485,0.977683406,8.023939394,7.84475
1.484848485,1.009990777,8.174646465,7.889060000000001
1.484848485,1.042298147,8.325353535,7.91781
1.484848485,1.074605518,8.476060606,7.93388
1.484848485,1.106912889,8.626767677,7.94015
1.484848485,1.13922026,8.777474747,7.93951
1.484848485,1.17152763,8.928181818,7.93484
1.484848485,1.203835001,9.078888889,7.92902
1.484848485,1.236142372,9.22959596,7.92493
1.484848485,1.268449743,9.38030303,7.92546
1.484848485,1.300757113,9.531010101,7.93348
1.484848485,1.333064484,9.681717172,7.95187
1.484848485,1.365371855,9.832424242,7.98353
1.484848485,1.397679226,9.983131313,8.031320000000001
1.484848485,1.429986596,10.13383838,8.09814
1.484848485,1.462293967,10.28454545,8.186860000000001
1.484848485,1.494601338,10.43525253,8.30036
1.5,0.760846621,7.11969697,6.85083
1.5,0.792827655,7.27040404,7.07861
1.5,0.824808689,7.421111111,7.27165
1.5,0.856789722,7.571818182,7.43278
1.5,0.888770756,7.722525253,7.5648
1.5,0.92075179,7.873232323,7.67053
1.5,0.952732823,8.023939394,7.7527800000000004
1.5,0.984713857,8.174646465,7.81435
1.5,1.016694891,8.325353535,7.85806
1.5,1.048675925,8.476060606,7.88672
1.5,1.080656958,8.626767677,7.9031400000000005
1.5,1.112637992,8.777474747,7.9101300000000005
1.5,1.144619026,8.928181818,7.91051
1.5,1.176600059,9.078888889,7.9070800000000006
1.5,1.208581093,9.22959596,7.90266
1.5,1.240562127,9.38030303,7.90005
1.5,1.27254316,9.531010101,7.902080000000001
1.5,1.304524194,9.681717172,7.9115400000000005
1.5,1.336505228,9.832424242,7.93126
1.5,1.368486261,9.983131313,7.964040000000001
1.5,1.400467295,10.13383838,8.012690000000001
1.5,1.432448329,10.28454545,8.08003
1.5,1.464429362,10.43525253,8.16886
1.5,1.496410396,10.5859596,8.282
1.515151515,0.769823621,7.27040404,6.84137
1.515151515,0.801484844,7.421111111,7.0636
1.515151515,0.833146068,7.571818182,7.2520500000000006
1.515151515,0.864807291,7.722525253,7.4094500000000005
1.515151515,0.896468514,7.873232323,7.53856
1.515151515,0.928129738,8.023939394,7.64212
1.515151515,0.959790961,8.174646465,7.72286
1.515151515,0.991452184,8.325353535,7.78353
1.515151515,1.023113408,8.476060606,7.82688
1.515151515,1.054774631,8.626767677,7.85565
1.515151515,1.086435854,8.777474747,7.87258
1.515151515,1.118097078,8.928181818,7.88041
1.515151515,1.149758301,9.078888889,7.8819
1.515151515,1.181419524,9.22959596,7.879770000000001
1.515151515,1.213080748,9.38030303,7.876790000000001
1.515151515,1.244741971,9.531010101,7.87567
1.515151515,1.276403194,9.681717172,7.87918
1.515151515,1.308064418,9.832424242,7.89006
1.515151515,1.339725641,9.983131313,7.91104
1.515151515,1.371386865,10.13383838,7.94488
1.515151515,1.403048088,10.28454545,7.9943100000000005
1.515151515,1.434709311,10.43525253,8.06208
1.515151515,1.466370535,10.5859596,8.15093
1.515151515,1.498031758,10.73666667,8.2636
1.53030303,0.778472843,7.421111111,6.82887
1.53030303,0.809820589,7.571818182,7.0461100000000005
1.53030303,0.841168335,7.722525253,7.23046
1.53030303,0.872516081,7.873232323,7.38459
1.53030303,0.903863827,8.023939394,7.51118
1.53030303,0.935211573,8.174646465,7.612900000000001
1.53030303,0.966559318,8.325353535,7.69245
1.53030303,0.997907064,8.476060606,7.75249
1.53030303,1.02925481,8.626767677,7.7956900000000005
1.53030303,1.060602556,8.777474747,7.82475
1.53030303,1.091950302,8.928181818,7.8423300000000005
1.53030303,1.123298048,9.078888889,7.85112
1.53030303,1.154645794,9.22959596,7.85379
1.53030303,1.18599354,9.38030303,7.85303
1.53030303,1.217341286,9.531010101,7.85149
1.53030303,1.248689031,9.681717172,7.85188
1.53030303,1.280036777,9.832424242,7.85686
1.53030303,1.311384523,9.983131313,7.8691
1.53030303,1.342732269,10.13383838,7.8913
1.53030303,1.374080015,10.28454545,7.926130000000001
1.53030303,1.405427761,10.43525253,7.97625
1.53030303,1.436775507,10.5859596,8.04437
1.53030303,1.468123253,10.73666667,8.133140000000001
1.53030303,1.499470999,10.88737374,8.24524
1.545454545,0.786803928,7.571818182,6.813680000000001
1.545454545,0.817844344,7.722525253,7.02646
1.545454545,0.848884759,7.873232323,7.2071700000000005
1.545454545,0.879925174,8.023939394,7.35844
1.545454545,0.910965589,8.174646465,7.482880000000001
1.545454545,0.942006004,8.325353535,7.5831100000000005
1.545454545,0.973046419,8.476060606,7.66174
1.545454545,1.004086834,8.626767677,7.72138
1.545454545,1.035127249,8.777474747,7.7646500000000005
1.545454545,1.066167664,8.928181818,7.794160000000001
1.545454545,1.097208079,9.078888889,7.812530000000001
1.545454545,1.128248494,9.22959596,7.82237
1.545454545,1.159288909,9.38030303,7.8263
1.545454545,1.190329324,9.531010101,7.82693
1.545454545,1.221369739,9.681717172,7.82687
1.545454545,1.252410154,9.832424242,7.82875
1.545454545,1.283450569,9.983131313,7.835170000000001
1.545454545,1.314490984,10.13383838,7.84875
1.545454545,1.345531399,10.28454545,7.8721000000000005
1.545454545,1.376571814,10.43525253,7.90784
1.545454545,1.407612229,10.5859596,7.95859
1.545454545,1.438652644,10.73666667,8.02695
1.545454545,1.469693059,10.88737374,8.115540000000001
1.560606061,0.794826143,7.722525253,6.79615
1.560606061,0.825565195,7.873232323,7.00494
1.560606061,0.856304247,8.023939394,7.18246
1.560606061,0.887043298,8.174646465,7.33127
1.560606061,0.91778235,8.325353535,7.4539100000000005
1.560606061,0.948521402,8.476060606,7.55293
1.560606061,0.979260454,8.626767677,7.63091
1.560606061,1.009999506,8.777474747,7.690370000000001
1.560606061,1.040738557,8.928181818,7.733890000000001
1.560606061,1.071477609,9.078888889,7.764
1.560606061,1.102216661,9.22959596,7.78328
1.560606061,1.132955713,9.38030303,7.79426
1.560606061,1.163694765,9.531010101,7.799510000000001
1.560606061,1.194433816,9.681717172,7.80157
1.560606061,1.225172868,9.832424242,7.803
1.560606061,1.25591192,9.983131313,7.806360000000001
1.560606061,1.286650972,10.13383838,7.81419
1.560606061,1.317390024,10.28454545,7.82906
1.560606061,1.348129075,10.43525253,7.85351
1.560606061,1.378868127,10.5859596,7.89009
1.560606061,1.409607179,10.73666667,7.94137
1.560606061,1.440346231,10.88737374,8.00989
1.560606061,1.471085282,11.03808081,8.09821
1.575757576,0.802548397,7.873232323,6.77658
1.575757576,0.832991881,8.023939394,6.9818500000000006
1.575757576,0.863435365,8.174646465,7.1565900000000005
1.575757576,0.893878849,8.325353535,7.3033
1.575757576,0.924322333,8.476060606,7.42446
1.575757576,0.954765817,8.626767677,7.52257
1.575757576,0.985209301,8.777474747,7.60012
1.575757576,1.015652785,8.928181818,7.65962
1.575757576,1.046096269,9.078888889,7.70355
1.575757576,1.076539753,9.22959596,7.7344100000000005
1.575757576,1.106983237,9.38030303,7.754700000000001
1.575757576,1.13742672,9.531010101,7.766900000000001
1.575757576,1.167870204,9.681717172,7.77352
1.575757576,1.198313688,9.832424242,7.77704
1.575757576,1.228757172,9.983131313,7.7799700000000005
1.575757576,1.259200656,10.13383838,7.78479
1.575757576,1.28964414,10.28454545,7.7940000000000005
1.575757576,1.320087624,10.43525253,7.8101
1.575757576,1.350531108,10.5859596,7.83558
1.575757576,1.380974592,10.73666667,7.87293
1.575757576,1.411418076,10.88737374,7.924650000000001
1.575757576,1.44186156,11.03808081,7.99324
1.575757576,1.472305044,11.18878788,8.08118
1.590909091,0.80997926,8.023939394,6.7552900000000005
1.590909091,0.840132806,8.174646465,6.95747
1.590909091,0.870286352,8.325353535,7.12981
1.590909091,0.900439898,8.476060606,7.27475
1.590909091,0.930593444,8.626767677,7.39473
1.590909091,0.96074699,8.777474747,7.49219
1.590909091,0.990900536,8.928181818,7.5695500000000004
1.590909091,1.021054082,9.078888889,7.62927
1.590909091,1.051207628,9.22959596,7.67378
1.590909091,1.081361174,9.38030303,7.7055
1.590909091,1.11151472,9.531010101,7.7269000000000005
1.590909091,1.141668266,9.681717172,7.7403900000000005
1.590909091,1.171821812,9.832424242,7.74842
1.590909091,1.201975358,9.983131313,7.75342
1.590909091,1.232128904,10.13383838,7.75784
1.590909091,1.26228245,10.28454545,7.7641
1.590909091,1.292435996,10.43525253,7.77465
1.590909091,1.322589542,10.5859596,7.79193
1.590909091,1.352743088,10.73666667,7.81837
1.590909091,1.382896634,10.88737374,7.85642
1.590909091,1.41305018,11.03808081,7.9084900000000005
1.590909091,1.443203726,11.18878788,7.97705
1.590909091,1.473357273,11.33949495,8.06451
1.606060606,0.817126979,8.174646465,6.73255
1.606060606,0.846996057,8.325353535,6.932040000000001
1.606060606,0.876865136,8.476060606,7.10235
1.606060606,0.906734215,8.626767677,7.24585
1.606060606,0.936603293,8.777474747,7.36493
1.606060606,0.966472372,8.928181818,7.46197
1.606060606,0.99634145,9.078888889,7.539350000000001
1.606060606,1.026210529,9.22959596,7.5994600000000005
1.606060606,1.056079608,9.38030303,7.64468
1.606060606,1.085948686,9.531010101,7.67739
1.606060606,1.115817765,9.681717172,7.69997
1.606060606,1.145686844,9.832424242,7.71481
1.606060606,1.175555922,9.983131313,7.72429
1.606060606,1.205425001,10.13383838,7.73078
1.606060606,1.235294079,10.28454545,7.736680000000001
1.606060606,1.265163158,10.43525253,7.74436
1.606060606,1.295032237,10.5859596,7.75621
1.606060606,1.324901315,10.73666667,7.77461
1.606060606,1.354770394,10.88737374,7.80194
1.606060606,1.384639473,11.03808081,7.840590000000001
1.606060606,1.414508551,11.18878788,7.89294
1.606060606,1.44437763,11.33949495,7.96136
1.606060606,1.474246708,11.49020202,8.04825
1.621212121,0.823999493,8.325353535,6.70864
1.621212121,0.853589421,8.476060606,6.90582
1.621212121,0.883179349,8.626767677,7.07443
1.621212121,0.912769278,8.777474747,7.21678
1.621212121,0.942359206,8.928181818,7.3352200000000005
1.621212121,0.971949134,9.078888889,7.43208
1.621212121,1.001539063,9.22959596,7.50967
1.621212121,1.031128991,9.38030303,7.57033
1.621212121,1.060718919,9.531010101,7.61639
1.621212121,1.090308848,9.681717172,7.650180000000001
1.621212121,1.119898776,9.832424242,7.67403
1.621212121,1.149488705,9.983131313,7.69026
1.621212121,1.179078633,10.13383838,7.7012100000000006
1.621212121,1.208668561,10.28454545,7.7092
1.621212121,1.23825849,10.43525253,7.71656
1.621212121,1.267848418,10.5859596,7.725630000000001
1.621212121,1.297438346,10.73666667,7.73873
1.621212121,1.327028275,10.88737374,7.75819
1.621212121,1.356618203,11.03808081,7.78634
1.621212121,1.386208131,11.18878788,7.8255
1.621212121,1.41579806,11.33949495,7.87802
1.621212121,1.445387988,11.49020202,7.946210000000001
1.621212121,1.474977917,11.64090909,8.03241
1.636363636,0.830604446,8.476060606,6.68382
1.636363636,0.859920394,8.626767677,6.87904
1.636363636,0.889236341,8.777474747,7.04626
1.636363636,0.918552289,8.928181818,7.18775
1.636363636,0.947868236,9.078888889,7.30579
1.636363636,0.977184184,9.22959596,7.40266
1.636363636,1.006500131,9.38030303,7.48064
1.636363636,1.035816079,9.531010101,7.542
1.636363636,1.065132026,9.681717172,7.5890200000000005
1.636363636,1.094447974,9.832424242,7.62397
1.636363636,1.123763921,9.983131313,7.649150000000001
1.636363636,1.153079869,10.13383838,7.66681
1.636363636,1.182395816,10.28454545,7.679250000000001
1.636363636,1.211711764,10.43525253,7.6887300000000005
1.636363636,1.241027712,10.5859596,7.69754
1.636363636,1.270343659,10.73666667,7.70796
1.636363636,1.299659607,10.88737374,7.72225
1.636363636,1.328975554,11.03808081,7.7427
1.636363636,1.358291502,11.18878788,7.771590000000001
1.636363636,1.387607449,11.33949495,7.81119
1.636363636,1.416923397,11.49020202,7.86378
1.636363636,1.446239344,11.64090909,7.93164
1.636363636,1.475555292,11.79161616,8.01704
1.651515152,0.836949203,8.626767677,6.65832
1.651515152,0.865996197,8.777474747,6.85192
1.651515152,0.895043191,8.928181818,7.01804
1.651515152,0.924090184,9.078888889,7.15892
1.651515152,0.953137178,9.22959596,7.27679
1.651515152,0.982184172,9.38030303,7.37387
1.651515152,1.011231166,9.531010101,7.45239
1.651515152,1.04027816,9.681717172,7.5145800000000005
1.651515152,1.069325154,9.832424242,7.56266
1.651515152,1.098372148,9.983131313,7.59886
1.651515152,1.127419142,10.13383838,7.62542
1.651515152,1.156466136,10.28454545,7.644550000000001
1.651515152,1.18551313,10.43525253,7.65848
1.651515152,1.214560123,10.5859596,7.66945
1.651515152,1.243607117,10.73666667,7.67968
1.651515152,1.272654111,10.88737374,7.6914
1.651515152,1.301701105,11.03808081,7.70683
1.651515152,1.330748099,11.18878788,7.7282
1.651515152,1.359795093,11.33949495,7.75774
1.651515152,1.388842087,11.49020202,7.797680000000001
1.651515152,1.417889081,11.64090909,7.85024
1.651515152,1.446936075,11.79161616,7.917660000000001
1.651515152,1.475983069,11.94232323,8.00216
1.666666667,0.843040859,8.777474747,6.63238
1.666666667,0.87182379,8.928181818,6.824660000000001
1.666666667,0.90060672,9.078888889,6.9899700000000005
1.666666667,0.92938965,9.22959596,7.13048
1.666666667,0.958172581,9.38030303,7.24838
1.666666667,0.986955511,9.531010101,7.34584
1.666666667,1.015738441,9.681717172,7.425050000000001
1.666666667,1.044521372,9.832424242,7.48819
1.666666667,1.073304302,9.983131313,7.53742
1.666666667,1.102087232,10.13383838,7.574940000000001
1.666666667,1.130870163,10.28454545,7.60292
1.666666667,1.159653093,10.43525253,7.62354
1.666666667,1.188436023,10.5859596,7.6389700000000005
1.666666667,1.217218953,10.73666667,7.65141
1.666666667,1.246001884,10.88737374,7.66302
1.666666667,1.274784814,11.03808081,7.6759900000000005
1.666666667,1.303567744,11.18878788,7.69249
1.666666667,1.332350675,11.33949495,7.71471
1.666666667,1.361133605,11.49020202,7.74482
1.666666667,1.389916535,11.64090909,7.785
1.666666667,1.418699466,11.79161616,7.83744
1.666666667,1.447482396,11.94232323,7.9043
1.666666667,1.476265326,12.0930303,7.98777
1.681818182,0.848886256,8.928181818,6.60622
1.681818182,0.877409881,9.078888889,6.797470000000001
1.681818182,0.905933506,9.22959596,6.96221
1.681818182,0.93445713,9.38030303,7.102580000000001
1.681818182,0.962980755,9.531010101,7.2207
1.681818182,0.991504379,9.681717172,7.31871
1.681818182,1.020028004,9.832424242,7.39874
1.681818182,1.048551629,9.983131313,7.46293
1.681818182,1.077075253,10.13383838,7.5134
1.681818182,1.105598878,10.28454545,7.55229
1.681818182,1.134122503,10.43525253,7.58172
1.681818182,1.162646127,10.5859596,7.60384
1.681818182,1.191169752,10.73666667,7.62077
1.681818182,1.219693376,10.88737374,7.634650000000001
1.681818182,1.248217001,11.03808081,7.64761
1.681818182,1.276740626,11.18878788,7.661770000000001
1.681818182,1.30526425,11.33949495,7.67928
1.681818182,1.333787875,11.49020202,7.70226
1.681818182,1.3623115,11.64090909,7.73285
1.681818182,1.390835124,11.79161616,7.77318
1.681818182,1.419358749,11.94232323,7.82538
1.681818182,1.447882374,12.0930303,7.891570000000001
1.681818182,1.476405998,12.24373737,7.97391
1.696969697,0.85449199,9.078888889,6.58004
1.696969697,0.882760939,9.22959596,6.77053
1.696969697,0.911029888,9.38030303,6.93494
1.696969697,0.939298838,9.531010101,7.07537
1.696969697,0.967567787,9.681717172,7.193890000000001
1.696969697,0.995836737,9.832424242,7.292590000000001
1.696969697,1.024105686,9.983131313,7.37357
1.696969697,1.052374636,10.13383838,7.4389
1.696969697,1.080643585,10.28454545,7.490670000000001
1.696969697,1.108912534,10.43525253,7.5309800000000005
1.696969697,1.137181484,10.5859596,7.5619000000000005
1.696969697,1.165450433,10.73666667,7.58553
1.696969697,1.193719383,10.88737374,7.603940000000001
1.696969697,1.221988332,11.03808081,7.61923
1.696969697,1.250257281,11.18878788,7.6334800000000005
1.696969697,1.278526231,11.33949495,7.64879
1.696969697,1.30679518,11.49020202,7.66723
1.696969697,1.33506413,11.64090909,7.6908900000000004
1.696969697,1.363333079,11.79161616,7.72186
1.696969697,1.391602029,11.94232323,7.762230000000001
1.696969697,1.419870978,12.0930303,7.81407
1.696969697,1.448139927,12.24373737,7.8794900000000005
1.696969697,1.476408877,12.39444444,7.96056
1.712121212,0.859864422,9.22959596,6.5540400000000005
1.712121212,0.887883204,9.38030303,6.74402
1.712121212,0.915901986,9.531010101,6.90832
1.712121212,0.943920767,9.681717172,7.049
1.712121212,0.971939549,9.832424242,7.16807
1.712121212,0.999958331,9.983131313,7.26761
1.712121212,1.027977113,10.13383838,7.34963
1.712121212,1.055995894,10.28454545,7.41619
1.712121212,1.084014676,10.43525253,7.46933
1.712121212,1.112033458,10.5859596,7.51109
1.712121212,1.140052239,10.73666667,7.54351
1.712121212,1.168071021,10.88737374,7.56864
1.712121212,1.196089803,11.03808081,7.58852
1.712121212,1.224108585,11.18878788,7.60518
1.712121212,1.252127366,11.33949495,7.62068
1.712121212,1.280146148,11.49020202,7.63706
1.712121212,1.30816493,11.64090909,7.656350000000001
1.712121212,1.336183712,11.79161616,7.6806
1.712121212,1.364202493,11.94232323,7.71185
1.712121212,1.392221275,12.0930303,7.75215
1.712121212,1.420240057,12.24373737,7.80354
1.712121212,1.448258838,12.39444444,7.86805
1.712121212,1.47627762,12.54515152,7.9477400000000005
1.727272727,0.865009694,9.38030303,6.5284
1.727272727,0.892782697,9.531010101,6.71811
1.727272727,0.9205557,9.681717172,6.8825
1.727272727,0.948328703,9.832424242,7.0236
1.727272727,0.976101705,9.983131313,7.1433800000000005
1.727272727,1.003874708,10.13383838,7.243860000000001
1.727272727,1.031647711,10.28454545,7.327030000000001
1.727272727,1.059420714,10.43525253,7.39489
1.727272727,1.087193717,10.5859596,7.44944
1.727272727,1.11496672,10.73666667,7.49268
1.727272727,1.142739723,10.88737374,7.52662
1.727272727,1.170512726,11.03808081,7.553240000000001
1.727272727,1.198285729,11.18878788,7.57455
1.727272727,1.226058732,11.33949495,7.59255
1.727272727,1.253831735,11.49020202,7.60923
1.727272727,1.281604738,11.64090909,7.62661
1.727272727,1.309377741,11.79161616,7.64667
1.727272727,1.337150744,11.94232323,7.67141
1.727272727,1.364923747,12.0930303,7.702850000000001
1.727272727,1.392696749,12.24373737,7.74296
1.727272727,1.420469752,12.39444444,7.79377
1.727272727,1.448242755,12.54515152,7.8572500000000005
1.727272727,1.476015758,12.69585859,7.935420000000001
1.742424242,0.897465228,9.681717172,6.692950000000001
1.742424242,0.924996727,9.832424242,6.85763
1.742424242,0.952528226,9.983131313,6.9993
1.742424242,0.980059724,10.13383838,7.1199200000000005
1.742424242,1.007591223,10.28454545,7.22145
1.742424242,1.035122721,10.43525253,7.30585
1.742424242,1.06265422,10.5859596,7.37507
1.742424242,1.090185718,10.73666667,7.431080000000001
1.742424242,1.117717217,10.88737374,7.475820000000001
1.742424242,1.145248715,11.03808081,7.51126
1.742424242,1.172780214,11.18878788,7.53936
1.742424242,1.200311713,11.33949495,7.56207
1.742424242,1.227843211,11.49020202,7.5813500000000005
1.742424242,1.25537471,11.64090909,7.59916
1.742424242,1.282906208,11.79161616,7.61745
1.742424242,1.310437707,11.94232323,7.63819
1.742424242,1.337969205,12.0930303,7.66334
1.742424242,1.365500704,12.24373737,7.69484
1.742424242,1.393032203,12.39444444,7.73466
1.742424242,1.420563701,12.54515152,7.78475
1.742424242,1.4480952,12.69585859,7.84708
1.742424242,1.475626698,12.84656566,7.9236
1.757575758,0.90193641,9.832424242,6.66869
1.757575758,0.929230568,9.983131313,6.83382
1.757575758,0.956524726,10.13383838,6.9762200000000005
1.757575758,0.983818885,10.28454545,7.0978
1.757575758,1.011113043,10.43525253,7.200480000000001
1.757575758,1.038407201,10.5859596,7.28618
1.757575758,1.065701359,10.73666667,7.35681
1.757575758,1.092995517,10.88737374,7.4143
1.757575758,1.120289675,11.03808081,7.4605500000000005
1.757575758,1.147583833,11.18878788,7.49749
1.757575758,1.174877991,11.33949495,7.52704
1.757575758,1.202172149,11.49020202,7.55111
1.757575758,1.229466307,11.64090909,7.571610000000001
1.757575758,1.256760465,11.79161616,7.59048
1.757575758,1.284054623,11.94232323,7.60961
1.757575758,1.311348781,12.0930303,7.63094
1.757575758,1.338642939,12.24373737,7.65637
1.757575758,1.365937097,12.39444444,7.68783
1.757575758,1.393231255,12.54515152,7.7272300000000005
1.757575758,1.420525413,12.69585859,7.77649
1.757575758,1.447819571,12.84656566,7.83753
1.757575758,1.47511373,12.99727273,7.91226
1.772727273,0.906201662,9.983131313,6.64548
1.772727273,0.933262536,10.13383838,6.8112200000000005
1.772727273,0.960323411,10.28454545,6.954470000000001
1.772727273,0.987384286,10.43525253,7.07712
1.772727273,1.01444516,10.5859596,7.18103
1.772727273,1.041506035,10.73666667,7.26809
1.772727273,1.06856691,10.88737374,7.3401700000000005
1.772727273,1.095627784,11.03808081,7.39916
1.772727273,1.122688659,11.18878788,7.44693
1.772727273,1.149749534,11.33949495,7.48535
1.772727273,1.176810408,11.49020202,7.51632
1.772727273,1.203871283,11.64090909,7.54169
1.772727273,1.230932158,11.79161616,7.56336
1.772727273,1.257993032,11.94232323,7.583200000000001
1.772727273,1.285053907,12.0930303,7.60309
1.772727273,1.312114782,12.24373737,7.6249
1.772727273,1.339175656,12.39444444,7.650510000000001
1.772727273,1.366236531,12.54515152,7.6818100000000005
1.772727273,1.393297405,12.69585859,7.72067
1.772727273,1.42035828,12.84656566,7.76896
1.772727273,1.447419155,12.99727273,7.8285800000000005
1.772727273,1.474480029,13.1479798,7.9013800000000005
1.787878788,0.910266218,10.13383838,6.62344
1.787878788,0.937097763,10.28454545,6.78993
1.787878788,0.963929308,10.43525253,6.93416
1.787878788,0.990760854,10.5859596,7.0579600000000005
1.787878788,1.017592399,10.73666667,7.1631800000000005
1.787878788,1.044423944,10.88737374,7.251650000000001
1.787878788,1.071255489,11.03808081,7.32522
1.787878788,1.098087034,11.18878788,7.38572
1.787878788,1.12491858,11.33949495,7.43499
1.787878788,1.151750125,11.49020202,7.474880000000001
1.787878788,1.17858167,11.64090909,7.507210000000001
1.787878788,1.205413215,11.79161616,7.5338400000000005
1.787878788,1.232244761,11.94232323,7.5566
1.787878788,1.259076306,12.0930303,7.57734
1.787878788,1.285907851,12.24373737,7.59788
1.787878788,1.312739396,12.39444444,7.62007
1.787878788,1.339570941,12.54515152,7.64576
1.787878788,1.366402487,12.69585859,7.67677
1.787878788,1.393234032,12.84656566,7.71495
1.787878788,1.420065577,12.99727273,7.76215
1.787878788,1.446897122,13.1479798,7.82019
1.787878788,1.473728667,13.29868687,7.89092
1.803030303,0.914135139,10.28454545,6.60269
1.803030303,0.940741209,10.43525253,6.7700700000000005
1.803030303,0.967347279,10.5859596,6.91538
1.803030303,0.993953349,10.73666667,7.04042
1.803030303,1.020559419,10.88737374,7.14701
1.803030303,1.047165489,11.03808081,7.23693
1.803030303,1.073771559,11.18878788,7.312
1.803030303,1.100377629,11.33949495,7.37402
1.803030303,1.126983699,11.49020202,7.42478
1.803030303,1.153589769,11.64090909,7.46609
1.803030303,1.180195839,11.79161616,7.49976
1.803030303,1.206801909,11.94232323,7.52758
1.803030303,1.233407979,12.0930303,7.55135
1.803030303,1.260014049,12.24373737,7.57289
1.803030303,1.286620119,12.39444444,7.59399
1.803030303,1.313226189,12.54515152,7.61646
1.803030303,1.339832259,12.69585859,7.6420900000000005
1.803030303,1.366438329,12.84656566,7.67269
1.803030303,1.393044399,12.99727273,7.71006
1.803030303,1.419650469,13.1479798,7.75601
1.803030303,1.44625654,13.29868687,7.81234
1.803030303,1.47286261,13.44939394,7.88084
1.803030303,1.49946868,13.60010101,7.96332
1.818181818,0.917813315,10.43525253,6.58336
1.818181818,0.944197668,10.5859596,6.75173
1.818181818,0.97058202,10.73666667,6.89822
1.818181818,0.996966373,10.88737374,7.02458
1.818181818,1.023350726,11.03808081,7.13258
1.818181818,1.049735079,11.18878788,7.223990000000001
1.818181818,1.076119432,11.33949495,7.3005700000000004
1.818181818,1.102503784,11.49020202,7.36409
1.818181818,1.128888137,11.64090909,7.41632
1.818181818,1.15527249,11.79161616,7.459020000000001
1.818181818,1.181656843,11.94232323,7.49395
1.818181818,1.208041196,12.0930303,7.5229
1.818181818,1.234425548,12.24373737,7.547610000000001
1.818181818,1.260809901,12.39444444,7.56986
1.818181818,1.287194254,12.54515152,7.591410000000001
1.818181818,1.313578607,12.69585859,7.6140300000000005
1.818181818,1.33996296,12.84656566,7.63949
1.818181818,1.366347312,12.99727273,7.6695400000000005
1.818181818,1.392731665,13.1479798,7.705970000000001
1.818181818,1.419116018,13.29868687,7.75052
1.818181818,1.445500371,13.44939394,7.8049800000000005
1.818181818,1.471884723,13.60010101,7.8711
1.818181818,1.498269076,13.75080808,7.95066
1.833333333,0.921305476,10.5859596,6.56554
1.833333333,0.947471776,10.73666667,6.7350200000000005
1.833333333,0.973638076,10.88737374,6.88276
1.833333333,0.999804376,11.03808081,7.01049
1.833333333,1.025970677,11.18878788,7.11995
1.833333333,1.052136977,11.33949495,7.21286
1.833333333,1.078303277,11.49020202,7.29096
1.833333333,1.104469578,11.64090909,7.35597
1.833333333,1.130635878,11.79161616,7.4096400000000004
1.833333333,1.156802178,11.94232323,7.45368
1.833333333,1.182968478,12.0930303,7.48982
1.833333333,1.209134779,12.24373737,7.5198100000000005
1.833333333,1.235301079,12.39444444,7.54537
1.833333333,1.261467379,12.54515152,7.56823
1.833333333,1.28763368,12.69585859,7.590120000000001
1.833333333,1.31379998,12.84656566,7.61278
1.833333333,1.33996628,12.99727273,7.63793
1.833333333,1.36613258,13.1479798,7.6673
1.833333333,1.392298881,13.29868687,7.70263
1.833333333,1.418465181,13.44939394,7.74565
1.833333333,1.444631481,13.60010101,7.798080000000001
1.833333333,1.470797782,13.75080808,7.8616600000000005
1.833333333,1.496964082,13.90151515,7.9381200000000005
1.848484848,0.924616195,10.73666667,6.5493500000000004
1.848484848,0.950568017,10.88737374,6.72002
1.848484848,0.97651984,11.03808081,6.86908
1.848484848,1.002471662,11.18878788,6.99824
1.848484848,1.028423485,11.33949495,7.10918
1.848484848,1.054375307,11.49020202,7.20361
1.848484848,1.080327129,11.64090909,7.28322
1.848484848,1.106278952,11.79161616,7.3497
1.848484848,1.132230774,11.94232323,7.40475
1.848484848,1.158182597,12.0930303,7.45008
1.848484848,1.184134419,12.24373737,7.48737
1.848484848,1.210086242,12.39444444,7.51832
1.848484848,1.236038064,12.54515152,7.544630000000001
1.848484848,1.261989886,12.69585859,7.56799
1.848484848,1.287941709,12.84656566,7.59011
1.848484848,1.313893531,12.99727273,7.6126700000000005
1.848484848,1.339845354,13.1479798,7.63738
1.848484848,1.365797176,13.29868687,7.66593
1.848484848,1.391748998,13.44939394,7.70001
1.848484848,1.417700821,13.60010101,7.7413300000000005
1.848484848,1.443652643,13.75080808,7.791580000000001
1.848484848,1.469604466,13.90151515,7.852460000000001
1.848484848,1.495556288,14.05222222,7.925660000000001
1.863636364,0.953490731,11.03808081,6.70681
1.863636364,0.979231563,11.18878788,6.8572500000000005
1.863636364,1.004972394,11.33949495,6.98787
1.863636364,1.030713226,11.49020202,7.10032
1.863636364,1.056454058,11.64090909,7.1962600000000005
1.863636364,1.08219489,11.79161616,7.27736
1.863636364,1.107935722,11.94232323,7.34528
1.863636364,1.133676554,12.0930303,7.40168
1.863636364,1.159417386,12.24373737,7.448230000000001
1.863636364,1.185158218,12.39444444,7.48658
1.863636364,1.21089905,12.54515152,7.51841
1.863636364,1.236639882,12.69585859,7.54537
1.863636364,1.262380714,12.84656566,7.56913
1.863636364,1.288121546,12.99727273,7.591340000000001
1.863636364,1.313862378,13.1479798,7.6136800000000004
1.863636364,1.33960321,13.29868687,7.63781
1.863636364,1.365344042,13.44939394,7.66539
1.863636364,1.391084874,13.60010101,7.69807
1.863636364,1.416825706,13.75080808,7.7375300000000005
1.863636364,1.442566538,13.90151515,7.78543
1.863636364,1.46830737,14.05222222,7.843430000000001
1.863636364,1.494048202,14.20292929,7.91319
1.878787879,0.956244113,11.18878788,6.69545
1.878787879,0.981777358,11.33949495,6.84733
1.878787879,1.007310603,11.49020202,6.97944
1.878787879,1.032843847,11.64090909,7.09341
1.878787879,1.058377092,11.79161616,7.19086
1.878787879,1.083910337,11.94232323,7.27343
1.878787879,1.109443581,12.0930303,7.34274
1.878787879,1.134976826,12.24373737,7.40043
1.878787879,1.160510071,12.39444444,7.44813
1.878787879,1.186043315,12.54515152,7.48747
1.878787879,1.21157656,12.69585859,7.5200700000000005
1.878787879,1.237109804,12.84656566,7.54758
1.878787879,1.262643049,12.99727273,7.571610000000001
1.878787879,1.288176294,13.1479798,7.5938
1.878787879,1.313709538,13.29868687,7.61578
1.878787879,1.339242783,13.44939394,7.6391800000000005
1.878787879,1.364776028,13.60010101,7.66563
1.878787879,1.390309272,13.75080808,7.696750000000001
1.878787879,1.415842517,13.90151515,7.73419
1.878787879,1.441375761,14.05222222,7.7795700000000005
1.878787879,1.466909006,14.20292929,7.83452
1.878787879,1.492442251,14.35363636,7.90067
1.893939394,0.95883223,11.33949495,6.686030000000001
1.893939394,0.984161209,11.49020202,6.83938
1.893939394,1.009490187,11.64090909,6.97299
1.893939394,1.034819166,11.79161616,7.088480000000001
1.893939394,1.060148145,11.94232323,7.18742
1.893939394,1.085477124,12.0930303,7.27142
1.893939394,1.110806102,12.24373737,7.34209
1.893939394,1.136135081,12.39444444,7.40101
1.893939394,1.16146406,12.54515152,7.4497800000000005
1.893939394,1.186793038,12.69585859,7.49001
1.893939394,1.212122017,12.84656566,7.52329
1.893939394,1.237450996,12.99727273,7.55123
1.893939394,1.262779974,13.1479798,7.575410000000001
1.893939394,1.288108953,13.29868687,7.597440000000001
1.893939394,1.313437932,13.44939394,7.6189100000000005
1.893939394,1.33876691,13.60010101,7.64144
1.893939394,1.364095889,13.75080808,7.6666
1.893939394,1.389424868,13.90151515,7.696000000000001
1.893939394,1.414753846,14.05222222,7.73125
1.893939394,1.440082825,14.20292929,7.77393
1.893939394,1.465411804,14.35363636,7.82564
1.893939394,1.490740782,14.50434343,7.88799
1.909090909,0.961259015,11.49020202,6.67859
1.909090909,0.98638697,11.64090909,6.83343
1.909090909,1.011514926,11.79161616,6.968570000000001
1.909090909,1.036642881,11.94232323,7.08556
1.909090909,1.061770836,12.0930303,7.18597
1.909090909,1.086898791,12.24373737,7.27137
1.909090909,1.112026746,12.39444444,7.34332
1.909090909,1.137154701,12.54515152,7.4034
1.909090909,1.162282656,12.69585859,7.45317
1.909090909,1.187410611,12.84656566,7.494190000000001
1.909090909,1.212538566,12.99727273,7.52805
1.909090909,1.237666521,13.1479798,7.556290000000001
1.909090909,1.262794476,13.29868687,7.58049
1.909090909,1.287922431,13.44939394,7.60222
1.909090909,1.313050386,13.60010101,7.62305
1.909090909,1.338178341,13.75080808,7.6445300000000005
1.909090909,1.363306296,13.90151515,7.6682500000000005
1.909090909,1.388434251,14.05222222,7.69576
1.909090909,1.413562206,14.20292929,7.72863
1.909090909,1.438690161,14.35363636,7.76843
1.909090909,1.463818116,14.50434343,7.816730000000001
1.909090909,1.488946071,14.65505051,7.875100000000001
1.924242424,0.96352828,11.64090909,6.67319
1.924242424,0.988458378,11.79161616,6.82955
1.924242424,1.013388475,11.94232323,6.966200000000001
1.924242424,1.038318572,12.0930303,7.0846800000000005
1.924242424,1.063248669,12.24373737,7.18652
1.924242424,1.088178766,12.39444444,7.27327
1.924242424,1.113108863,12.54515152,7.34645
1.924242424,1.13803896,12.69585859,7.40761
1.924242424,1.162969057,12.84656566,7.45828
1.924242424,1.187899155,12.99727273,7.5
1.924242424,1.212829252,13.1479798,7.5343
1.924242424,1.237759349,13.29868687,7.56273
1.924242424,1.262689446,13.44939394,7.58682
1.924242424,1.287619543,13.60010101,7.6081
1.924242424,1.31254964,13.75080808,7.62812
1.924242424,1.337479737,13.90151515,7.64841
1.924242424,1.362409834,14.05222222,7.67051
1.924242424,1.387339932,14.20292929,7.69595
1.924242424,1.412270029,14.35363636,7.72627
1.924242424,1.437200126,14.50434343,7.76301
1.924242424,1.462130223,14.65505051,7.8077000000000005
1.924242424,1.48706032,14.80575758,7.86189
1.939393939,0.990379048,11.94232323,6.82775
1.939393939,1.015114378,12.0930303,6.96591
1.939393939,1.039849709,12.24373737,7.085850000000001
1.939393939,1.06458504,12.39444444,7.18909
1.939393939,1.089320371,12.54515152,7.27712
1.939393939,1.114055701,12.69585859,7.35146
1.939393939,1.138791032,12.84656566,7.41361
1.939393939,1.163526363,12.99727273,7.46509
1.939393939,1.188261694,13.1479798,7.50739
1.939393939,1.212997024,13.29868687,7.5420300000000005
1.939393939,1.237732355,13.44939394,7.5705100000000005
1.939393939,1.262467686,13.60010101,7.59434
1.939393939,1.287203017,13.75080808,7.61503
1.939393939,1.311938347,13.90151515,7.63408
1.939393939,1.336673678,14.05222222,7.65301
1.939393939,1.361409009,14.20292929,7.67331
1.939393939,1.38614434,14.35363636,7.6965
1.939393939,1.41087967,14.50434343,7.72409
1.939393939,1.435615001,14.65505051,7.75757
1.939393939,1.460350332,14.80575758,7.79847
1.939393939,1.485085662,14.95646465,7.84828
1.954545455,0.992152486,12.0930303,6.82807
1.954545455,1.01669607,12.24373737,6.96772
1.954545455,1.041239654,12.39444444,7.089090000000001
1.954545455,1.065783238,12.54515152,7.19367
1.954545455,1.090326822,12.69585859,7.28292
1.954545455,1.114870406,12.84656566,7.35834
1.954545455,1.13941399,12.99727273,7.4214
1.954545455,1.163957574,13.1479798,7.4735700000000005
1.954545455,1.188501158,13.29868687,7.5163400000000005
1.954545455,1.213044742,13.44939394,7.55119
1.954545455,1.237588326,13.60010101,7.57958
1.954545455,1.26213191,13.75080808,7.60301
1.954545455,1.286675494,13.90151515,7.62295
1.954545455,1.311219078,14.05222222,7.6408700000000005
1.954545455,1.335762662,14.20292929,7.65826
1.954545455,1.360306246,14.35363636,7.67659
1.954545455,1.38484983,14.50434343,7.69735
1.954545455,1.409393414,14.65505051,7.722
1.954545455,1.433936998,14.80575758,7.75204
1.954545455,1.458480582,14.95646465,7.788930000000001
1.954545455,1.483024166,15.10717172,7.834160000000001
1.96969697,0.993782091,12.24373737,6.83054
1.96969697,1.018136878,12.39444444,6.97165
1.96969697,1.042491666,12.54515152,7.09441
1.96969697,1.066846453,12.69585859,7.20026
1.96969697,1.09120124,12.84656566,7.29067
1.96969697,1.115556027,12.99727273,7.3670800000000005
1.96969697,1.139910814,13.1479798,7.4309400000000005
1.96969697,1.164265602,13.29868687,7.48371
1.96969697,1.188620389,13.44939394,7.52682
1.96969697,1.212975176,13.60010101,7.56174
1.96969697,1.237329963,13.75080808,7.5899
1.96969697,1.26168475,13.90151515,7.61277
1.96969697,1.286039538,14.05222222,7.6317900000000005
1.96969697,1.310394325,14.20292929,7.648420000000001
1.96969697,1.334749112,14.35363636,7.66409
1.96969697,1.359103899,14.50434343,7.68027
1.96969697,1.383458686,14.65505051,7.6984
1.96969697,1.407813473,14.80575758,7.719930000000001
1.96969697,1.432168261,14.95646465,7.74631
1.96969697,1.456523048,15.10717172,7.779
1.96969697,1.480877835,15.25787879,7.8194300000000005
1.984848485,0.995271156,12.39444444,6.83518
1.984848485,1.019440029,12.54515152,6.9777000000000005
1.984848485,1.043608902,12.69585859,7.10179
1.984848485,1.067777775,12.84656566,7.20887
1.984848485,1.091946647,12.99727273,7.30035
1.984848485,1.11611552,13.1479798,7.37765
1.984848485,1.140284393,13.29868687,7.44221
1.984848485,1.164453266,13.44939394,7.49545
1.984848485,1.188622139,13.60010101,7.53878
1.984848485,1.212791011,13.75080808,7.57362
1.984848485,1.236959884,13.90151515,7.6014100000000004
1.984848485,1.261128757,14.05222222,7.62357
1.984848485,1.28529763,14.20292929,7.641500000000001
1.984848485,1.309466502,14.35363636,7.65665
1.984848485,1.333635375,14.50434343,7.6704300000000005
1.984848485,1.357804248,14.65505051,7.68426
1.984848485,1.381973121,14.80575758,7.69956
1.984848485,1.406141994,14.95646465,7.71777
1.984848485,1.430310866,15.10717172,7.74029
1.984848485,1.454479739,15.25787879,7.76856
1.984848485,1.478648612,15.40858586,7.803990000000001
2.0,1.020608651,12.69585859,6.98589
2.0,1.044594426,12.84656566,7.11125
2.0,1.068580201,12.99727273,7.219460000000001
2.0,1.092565977,13.1479798,7.31193
2.0,1.116551752,13.29868687,7.39003
2.0,1.140537527,13.44939394,7.45518
2.0,1.164523302,13.60010101,7.5087600000000005
2.0,1.188509078,13.75080808,7.55217
2.0,1.212494853,13.90151515,7.5868
2.0,1.236480628,14.05222222,7.614050000000001
2.0,1.260466403,14.20292929,7.635330000000001
2.0,1.284452179,14.35363636,7.652010000000001
2.0,1.308437954,14.50434343,7.665500000000001
2.0,1.332423729,14.65505051,7.67719
2.0,1.356409504,14.80575758,7.68848
2.0,1.38039528,14.95646465,7.70076
2.0,1.404381055,15.10717172,7.7154300000000005
2.0,1.42836683,15.25787879,7.73388
2.0,1.452352605,15.40858586,7.75751
2.0,1.476338381,15.55929293,7.78772
