{
  "Α": "alpha",
  "Β": "beta",
  "Γ": "gamma",
  "Δ": "delta",
  "Ε": "epsilon",
  "Ζ": "zeta",
  "Η": "eta",
  "Θ": "theta",
  "Ι": "iota",
  "Κ": "kappa",
  "Λ": "lambda",
  "Μ": "mu",
  "Ν": "nu",
  "Ξ": "xi",
  "Ο": "omicron",
  "Π": "pi",
  "Ρ": "rho",
  "Σ": "sigma",
  "Τ": "tau",
  "Υ": "upsilon",
  "Φ": "phi",
  "Χ": "chi",
  "Ψ": "psi",
  "Ω": "omega",
  "α": "alpha",
  "β": "beta",
  "γ": "gamma",
  "δ": "delta",
  "ε": "epsilon",
  "ζ": "zeta",
  "η": "eta",
  "θ": "theta",
  "ι": "iota",
  "κ": "kappa",
  "λ": "lambda",
  "μ": "mu",
  "ν": "nu",
  "ξ": "xi",
  "ο": "omicron",
  "π": "pi",
  "ρ": "rho",
  "σ": "sigma",
  "τ": "tau",
  "υ": "upsilon",
  "φ": "phi",
  "χ": "chi",
  "ψ": "psi",
  "ω": "omega",
  "‐": "-",
  "–": "-",
  "—": "-",
  "−": "-",
  "’": "'",
  "…": "...",
  "©": "",
  "®": "",
  "¯": "-",
  "°": "deg.",
  "∞": "infinity",
  "，": ",",
  "À": "A",
  "Á": "A",
  "Â": "A",
  "Ã": "A",
  "Ä": "A",
  "Å": "A",
  "Æ": "AE",
  "Ç": "C",
  "È": "E",
  "É": "E",
  "Ê": "E",
  "Ë": "E",
  "Ì": "I",
  "Í": "I",
  "Î": "I",
  "Ï": "I",
  "Ð": "D",
  "Ñ": "N",
  "Ò": "O",
  "Ó": "O",
  "Ô": "O",
  "Õ": "O",
  "Ö": "O",
  "×": "x",
  "Ø": "0",
  "Ù": "U",
  "Ú": "U",
  "Û": "U",
  "Ü": "U",
  "Ý": "Y",
  "ß": "ss",
  "à": "a",
  "á": "a",
  "â": "a",
  "ã": "a",
  "ä": "a",
  "å": "a",
  "æ": "ae",
  "ç": "c",
  "è": "e",
  "é": "e",
  "ê": "e",
  "ë": "e",
  "ì": "i",
  "í": "i",
  "î": "i",
  "ï": "i",
  "ð": "",
  "ñ": "n",
  "ò": "o",
  "ó": "o",
  "ô": "o",
  "õ": "o",
  "ö": "o",
  "÷": "//",
  "ø": "o",
  "ù": "u",
  "ú": "u",
  "û": "u",
  "ü": "u",
  "ý": "u",
  "þ": "",
  "ÿ": "y",
  "Ā": "A",
  "ā": "a",
  "Ă": "A",
  "ă": "a",
  "Ą": "A",
  "ą": "a",
  "Ć": "C",
  "ć": "c",
  "Ĉ": "c",
  "ĉ": "c",
  "Ċ": "C",
  "ċ": "c",
  "Č": "C",
  "č": "c",
  "Ď": "D",
  "ď": "d",
  "Đ": "D",
  "đ": "d",
  "Ē": "E",
  "ē": "e",
  "Ĕ": "E",
  "ĕ": "e",
  "Ė": "E",
  "ė": "e",
  "Ę": "E",
  "ę": "e",
  "Ě": "E",
  "ě": "e",
  "Ĝ": "G",
  "ĝ": "g",
  "Ğ": "G",
  "ğ": "ğ",
  "Ġ": "G",
  "ġ": "g",
  "Ģ": "G",
  "ģ": "g",
  "Ĥ": "H",
  "ĥ": "h",
  "Ħ": "H",
  "ħ": "h",
  "Ĩ": "I",
  "ĩ": "i",
  "Ī": "I",
  "ī": "i",
  "Ĭ": "I",
  "ĭ": "i",
  "Į": "I",
  "į": "i",
  "İ": "I",
  "ı": "i",
  "Ĳ": "IJ",
  "ĳ": "ij",
  "Ĵ": "J",
  "ĵ": "j",
  "Ķ": "K",
  "ķ": "k",
  "ĸ": "K",
  "Ĺ": "L",
  "ĺ": "l",
  "Ļ": "L",
  "ļ": "l",
  "Ľ": "L",
  "ľ": "l",
  "Ŀ": "L",
  "ŀ": "l",
  "Ł": "L",
  "ł": "l",
  "Ń": "N",
  "ń": "n",
  "Ņ": "N",
  "ņ": "n",
  "Ň": "N",
  "ň": "n",
  "ŉ": "n",
  "Ŋ": "N",
  "ŋ": "n",
  "Ō": "O",
  "ō": "o",
  "Ŏ": "O",
  "ŏ": "o",
  "Ő": "O",
  "ő": "o",
  "Œ": "OE",
  "œ": "oe",
  "Ŕ": "R",
  "ŕ": "r",
  "Ŗ": "R",
  "ŗ": "r",
  "Ř": "R",
  "ř": "r",
  "Ś": "S",
  "ś": "s",
  "Ŝ": "S",
  "ŝ": "s",
  "Ş": "S",
  "ş": "s",
  "Š": "S",
  "š": "s",
  "Ţ": "T",
  "ţ": "t",
  "Ť": "T",
  "ť": "t",
  "Ŧ": "T",
  "ŧ": "t",
  "Ũ": "U",
  "ũ": "u",
  "Ū": "U",
  "ū": "u",
  "Ŭ": "U",
  "ŭ": "u",
  "Ů": "U",
  "ů": "u",
  "Ű": "U",
  "ű": "u",
  "Ų": "U",
  "ų": "u",
  "Ŵ": "W",
  "ŵ": "w",
  "Ŷ": "Y",
  "ŷ": "y",
  "Ÿ": "Y",
  "Ź": "Z",
  "ź": "z",
  "Ż": "Z",
  "ż": "z",
  "Ž": "Z",
  "ž": "z",
  "ſ": "S"
}